{"rp_ids": ["rp_0", "rp_1", "rp_2", "rp_3", "rp_4", "rp_5", "rp_6", "rp_7", "rp_8", "rp_9", "rp_10", "rp_11", "rp_12", "rp_13", "rp_14"], "coords": [[-13.024299009056449, -20.18050797842443], [2.217162198969508, 40.30168512315843], [49.471102553193305, 26.878973269136623], [0.5464509908988475, -43.770291314149894], [21.089139879707343, 19.66953091033631], [-35.2688156741724, -23.91765798193713], [-0.5293061512572551, 51.49795630760491], [-1.4727156748737495, -8.80049131376048], [-3.5388621230876214, -30.93694568538397], [7.52863831564046, 27.636057514828487], [31.431075666686457, 22.7091004636816], [5.408750991983652, 8.601792020723224], [-42.794724008353114, -26.331132980063558], [3.065510990931034, -53.933777981624004], [-24.715105970450825, -21.255031396528775]], "ap_ids": [[7, 13, 14, 23, 24, 53, 54, 71, 72, 80, 81, 155, 156, 225, 253, 40, 39, 26, 9, 41, 268, 452, 323, 380, 224, 25, 30, 42, 434, 447, 345], [27, 28, 33, 34, 51, 52, 57, 58, 75, 76, 161, 162, 224, 452, 289, 350, 346, 32, 401, 36, 31, 327, 336, 384, 294, 404, 35, 380, 402, 382, 426, 265, 268, 272, 320, 345, 26, 323, 383, 459, 280, 299, 39], [27, 28, 30, 36, 57, 58, 75, 76, 33, 34, 35, 150, 151, 8, 161, 162, 173, 248, 29, 350, 289, 404, 345, 43, 172, 294, 401, 18, 44, 251, 268, 380, 51, 52, 452, 155, 156], [7, 13, 23, 24, 29, 30, 53, 54, 80, 81, 155, 156, 225, 253, 443, 14, 35, 36, 39, 40, 167, 123, 185, 434, 166, 184, 447], [25, 28, 33, 51, 52, 57, 58, 71, 72, 75, 76, 161, 162, 27, 34, 35, 36, 452, 224, 155, 156, 32, 294, 172, 173, 345, 350, 401, 346], [7, 23, 24, 39, 40, 41, 53, 54, 80, 81, 155, 156, 268, 264, 319, 323, 350, 376, 392, 294, 253, 336, 42, 380, 154, 327, 401, 13, 290, 404, 384, 224, 31, 280, 225, 161, 162, 328, 434, 14, 300, 345, 409, 452, 33, 270, 355], [31, 33, 34, 57, 58, 75, 76, 272, 17, 27, 28, 224, 18, 384, 392, 32, 162, 300, 380, 356, 51, 350, 404, 452, 161, 268, 273, 346, 289, 336, 459, 280, 323, 281, 345, 354, 402, 410, 500, 515], [19, 20, 25, 26, 50, 71, 72, 161, 162, 280, 323, 380, 402, 13, 54, 155, 156, 268, 289, 345, 350, 401, 452, 80, 81, 294, 327, 346, 7, 57, 404, 14, 272, 290, 58, 224, 336, 392, 409, 9, 384, 39, 53, 337, 434, 447, 33, 154, 34, 35, 36, 51, 52, 75, 377, 40, 41, 225, 253, 299, 300, 302, 355, 356, 359, 410, 411], [7, 13, 14, 23, 24, 39, 41, 53, 54, 80, 81, 155, 156, 225, 253, 40, 71, 72, 443, 30, 42, 29, 268, 25, 48, 434, 447, 36, 26], [27, 28, 33, 34, 51, 52, 57, 58, 75, 76, 161, 162, 224, 452, 426, 294, 327, 39, 71, 404, 72, 350, 35, 36, 43, 402, 272, 346], [27, 28, 35, 36, 51, 57, 58, 75, 76, 161, 162, 173, 30, 33, 34, 52, 103, 452, 172, 224, 29, 104, 150, 155, 156], [25, 57, 58, 71, 72, 75, 161, 162, 26, 281, 300, 323, 76, 393, 452, 52, 290, 410, 19, 20, 154, 268, 272, 346, 327, 337, 380], [7, 39, 40, 53, 54, 80, 81, 155, 156, 380, 23, 452, 323, 42, 300, 402, 410, 268, 290, 350, 404, 41, 154, 345, 24, 272, 346, 294, 385, 270, 13, 382, 384, 34, 289, 325, 401, 434, 224, 280, 356, 392, 33, 225, 253, 355, 25], [7, 23, 24, 53, 54, 81, 155, 156, 225, 443, 29, 30, 80, 166, 167, 253, 35, 39, 13, 14, 36, 40, 123, 185, 434, 447, 184], [7, 13, 24, 39, 40, 42, 53, 54, 80, 81, 155, 156, 225, 253, 380, 14, 23, 268, 41, 350, 264, 319, 376, 323, 300, 71, 72, 33, 272, 384, 161, 290, 289, 404, 327, 280, 434, 452, 162, 392, 26, 345, 402, 154]], "rssi": [[-82.05, -76.0, -76.17948717948718, -90.0, -89.9375, -74.3, -73.675, -81.78947368421052, -82.26315789473684, -66.125, -66.375, -64.8, -64.44736842105263, -79.84615384615384, -80.575, -82.15384615384616, -80.93548387096774, -81.3076923076923, -91.61538461538461, -86.23076923076923, -94.0, -94.0, -89.0, -93.0, -95.0, -83.5, -90.0, -77.71428571428571, -59.35, -74.6, -80.0], [-82.75, -83.2, -73.009009009009, -72.24038461538461, -79.29545454545455, -78.525, -77.45833333333333, -77.42553191489361, -49.78448275862069, -49.73275862068966, -75.07058823529412, -74.01136363636364, -70.34210526315789, -73.52873563218391, -86.0, -88.83333333333333, -86.21428571428571, -92.0, -90.0, -93.0, -90.25, -82.05555555555556, -85.33333333333333, -94.0, -86.18181818181819, -84.85714285714286, -90.5, -94.0, -84.8, -92.5, -95.0, -83.0, -86.23529411764706, -81.85, -87.0, -82.11111111111111, -89.0, -84.35, -89.0, -77.6875, -89.0, -91.0, -87.0], [-86.6, -85.44736842105263, -87.57142857142857, -87.12903225806451, -64.525, -64.45, -84.17543859649123, -84.0701754385965, -86.46341463414635, -86.46341463414635, -88.25806451612904, -90.85714285714286, -90.45454545454545, -91.29411764705883, -88.95833333333333, -88.72340425531915, -83.0909090909091, -92.66666666666667, -87.84615384615384, -92.33333333333333, -92.0, -93.0, -91.33333333333333, -89.71428571428571, -86.36363636363636, -89.4, -91.5, -91.0, -88.9090909090909, -92.0, -88.0, -90.0, -85.0, -89.33333333333333, -89.0, -87.66666666666667, -87.66666666666667], [-55.0, -87.57894736842105, -77.73333333333333, -77.56666666666666, -86.93333333333334, -87.35897435897436, -45.46666666666667, -45.416666666666664, -76.91525423728814, -76.94827586206897, -82.91071428571429, -83.05263157894737, -83.16666666666667, -83.10169491525424, -86.78260869565217, -85.82142857142857, -89.0, -88.33333333333333, -86.25, -89.7741935483871, -90.0, -89.81818181818181, -90.66666666666667, -78.93333333333334, -89.0, -90.0, -71.9], [-92.0, -81.71428571428571, -81.73333333333333, -77.27586206896552, -78.02352941176471, -66.36, -66.18, -74.18181818181819, -77.07692307692308, -66.96511627906976, -66.77906976744185, -66.66666666666667, -66.81111111111112, -81.85106382978724, -81.83116883116882, -87.9375, -88.82608695652173, -81.96969696969697, -79.57894736842105, -94.0, -95.0, -90.0, -95.0, -79.0, -82.66666666666667, -89.36363636363636, -88.0, -90.0, -89.0], [-82.60714285714286, -92.2, -91.625, -68.21666666666667, -68.83050847457628, -85.0, -81.0701754385965, -80.92857142857143, -45.9, -46.05, -81.37931034482759, -80.94736842105263, -84.8695652173913, -90.28571428571429, -90.5, -88.41176470588235, -90.4, -91.5, -93.5, -92.0, -87.54545454545455, -91.0, -85.29032258064517, -87.95454545454545, -84.63157894736842, -93.0, -92.75, -87.0, -91.27272727272727, -90.7, -90.0, -86.33333333333333, -95.0, -91.0, -87.04761904761905, -86.0, -86.0, -89.0, -66.66666666666667, -88.25, -88.0, -85.0, -87.0, -85.5, -90.0, -91.0, -90.0], [-87.33333333333333, -68.79411764705883, -68.69565217391305, -83.55555555555556, -83.91666666666667, -50.34285714285714, -50.214285714285715, -90.0, -95.0, -94.0, -94.0, -80.04255319148936, -93.0, -87.0, -91.0, -88.23076923076923, -82.77272727272727, -93.5, -83.66666666666667, -91.0, -92.0, -87.72727272727273, -86.0909090909091, -83.81818181818181, -83.42857142857143, -88.0, -83.0, -82.9090909090909, -83.0, -90.0, -87.5625, -86.0, -84.77777777777777, -85.0, -85.0, -88.0, -80.0, -84.0, -86.0, -88.0], [-84.0, -86.0, -72.62745098039215, -74.86440677966101, -94.0, -63.86666666666667, -64.1, -61.76923076923077, -63.57142857142857, -86.5, -86.24, -87.30434782608695, -88.875, -88.71428571428571, -88.33333333333333, -83.86363636363636, -83.6590909090909, -84.78125, -85.16129032258064, -80.4, -85.75, -85.95238095238095, -78.48, -82.8, -84.34615384615384, -87.3, -85.33333333333333, -89.57894736842105, -93.0, -92.0, -89.0909090909091, -88.66666666666667, -91.0, -86.75, -93.0, -69.58333333333333, -88.0, -89.8, -87.0, -88.5, -91.5, -91.0, -89.11764705882354, -88.0, -74.35, -84.75, -70.73333333333333, -86.0, -64.0909090909091, -82.7, -82.85714285714286, -70.0, -70.0, -83.28571428571429, -87.0, -81.0, -89.0, -83.0, -83.0, -81.0, -80.0, -84.0, -81.0, -79.0, -84.0, -83.0, -84.0], [-67.14516129032258, -75.38461538461539, -76.02586206896552, -87.47272727272727, -87.3921568627451, -81.78217821782178, -82.46153846153847, -61.71311475409836, -61.74590163934426, -67.64754098360656, -67.86065573770492, -70.72131147540983, -70.65573770491804, -77.23140495867769, -77.62809917355372, -82.70370370370371, -90.66666666666667, -89.625, -92.75, -87.325, -79.76190476190476, -87.33333333333333, -95.0, -88.66666666666667, -90.6, 