{"rp_ids": ["rp_0", "rp_1", "rp_2", "rp_3", "rp_4", "rp_5", "rp_6", "rp_7", "rp_8", "rp_9", "rp_10", "rp_11", "rp_12", "rp_13", "rp_14", "rp_15", "rp_16"], "coords": [[-8.040943638265745, -21.769938867515286], [0.9019379006060262, 46.45614831130952], [44.79708543305323, 26.364383377025945], [2.867923883598637, -52.88504826876884], [-45.587612980678976, -26.160309776828132], [6.8934412759392645, 28.449572985713647], [23.03875789952599, 20.527968309633433], [7.590315653305235, 13.23116404206356], [-32.164766358116815, -21.590796133192878], [-3.1590687649430818, -30.734853593481795], [-1.30720677380001, 55.79267948061567], [-4.871582099176218, -9.232551688328385], [35.81337359713607, 23.409240715453237], [0.38605474207962653, -42.64340958477962], [52.16276790176653, 29.27699831034988], [3.3230679014059206, 36.094098310451955], [-19.378459877067243, -19.098851691207123]], "ap_ids": [[9, 13, 14, 29, 45, 46, 47, 48, 49, 50, 52, 155, 156, 225, 30, 41, 253, 401, 42, 51, 264, 376, 39, 323, 319, 154, 345, 19, 20, 337, 382, 185, 224, 268, 272, 280, 289, 290, 300, 327, 346, 380], [31, 32, 33, 34, 43, 44, 51, 52, 142, 143, 224, 268, 323, 345, 404, 452, 500, 280, 319, 336, 337, 376, 392, 403, 294, 325, 270, 272, 341, 350, 379, 346, 264, 162, 380, 154, 324, 494, 36, 161, 248, 402, 269, 348, 273, 355, 393, 381, 289, 1, 35, 328, 267, 322, 397, 281, 515, 320, 401, 377, 47, 300, 356, 271, 292, 383, 399, 385, 48, 290, 384, 331, 388], [35, 36, 43, 44, 51, 52, 142, 143, 248, 161, 162, 150, 31, 151, 1, 28, 27, 33, 182, 8, 17, 18, 34, 163, 268, 306, 380], [13, 14, 23, 24, 29, 30, 45, 46, 47, 48, 156, 184, 185, 364, 415, 167, 212, 225, 166, 253, 155, 41, 308, 51, 142, 143, 42, 508, 52, 183, 345], [13, 14, 39, 40, 41, 42, 46, 47, 48, 155, 336, 337, 380, 264, 415, 45, 154, 281, 289, 319, 364, 376, 323, 156, 300, 356, 410, 350, 409, 302, 308, 327, 382, 401, 272, 345, 294, 268, 355, 404, 270, 273, 393, 224, 359, 280, 331, 381, 328, 29, 385, 2, 275, 411, 402, 290, 346, 392, 309, 325, 399, 269, 324, 298], [31, 36, 43, 44, 50, 51, 52, 142, 143, 161, 162, 267, 280, 322, 379, 27, 28, 32, 35, 376, 392, 57, 264, 272, 319, 323, 346, 380, 33, 294, 404, 452, 268, 350, 403, 393, 401, 224, 410, 58, 265, 348, 381, 327, 345, 48, 248, 359, 415, 336, 34, 385, 292, 384, 289, 326, 269, 47, 154, 271, 325, 434, 13, 14, 273, 324, 328, 411, 49, 300], [35, 36, 43, 44, 50, 51, 52, 142, 143, 161, 162, 268, 292, 27, 28, 32, 33, 452, 34, 31, 58, 248, 224, 380, 294, 350, 323, 49, 327, 289, 13, 14, 47, 381, 404, 345, 385, 25], [19, 20, 44, 49, 50, 51, 52, 142, 143, 201, 268, 323, 376, 380, 13, 14, 28, 35, 36, 43, 161, 162, 25, 397, 26, 382, 411, 280, 319, 45, 46, 272, 31, 294, 336, 404, 452, 264, 350, 32, 270, 285, 322, 325, 328, 401, 392, 402, 346, 202, 289, 345, 308, 385, 27, 154, 224, 248, 290, 327, 403, 281, 364, 415, 291], [13, 14, 41, 42, 45, 46, 47, 48, 154, 155, 156, 253, 268, 319, 345, 404, 39, 40, 264, 350, 376, 30, 294, 385, 415, 29, 337, 393, 323, 289, 336, 346, 225, 270, 327, 401, 380, 300, 392, 290, 402, 272, 224, 23, 24, 452, 281, 355, 356, 43, 44, 410, 51, 384, 388, 302, 381, 9, 409, 269, 308, 324, 364], [13, 14, 29, 30, 41, 42, 45, 46, 47, 48, 155, 156, 225, 253, 143, 308, 9, 23, 24, 51, 142, 154, 345, 289, 50, 40, 323, 49, 185, 39, 184, 401, 264, 52, 380, 319, 268, 281, 393, 404, 434, 80, 81, 168, 272, 337, 270, 325, 43, 508, 248], [31, 32, 43, 44, 51, 52, 143, 268, 289, 500, 142, 270, 323, 336, 382, 401, 494, 34, 325, 328, 380, 392, 294, 515, 33, 269, 376, 381, 404, 1, 273, 297, 385, 406, 337, 379, 350, 290, 352, 393, 17, 345, 264, 348, 280, 224, 346, 324, 399, 248, 272, 281, 319, 35, 402, 287, 36, 343, 384, 47, 276, 300, 409, 410, 388, 48, 331, 271, 292, 383], [9, 13, 14, 19, 20, 25, 26, 45, 46, 47, 49, 50, 264, 319, 323, 376, 268, 380, 401, 51, 52, 155, 290, 327, 345, 350, 201, 404, 48, 272, 324, 346, 281, 289, 452, 392, 294, 411, 269, 381, 156, 300, 337, 336, 280, 384, 410, 224, 302, 393, 328, 202, 356, 299, 382, 154], [27, 28, 31, 35, 36, 43, 44, 51, 52, 142, 143, 161, 162, 248, 17, 58, 32, 224, 294, 380, 401, 323, 13, 14, 33, 34, 49, 268, 345, 404, 150, 151], [13, 14, 23, 24, 29, 30, 41, 42, 45, 46, 47, 48, 225, 253, 155, 156, 185, 154, 184, 52, 49, 51, 143, 345, 9, 401, 50, 248], [35, 36, 43, 44, 51, 52, 142, 143, 150, 151, 162, 207, 248, 305, 161, 362, 413, 8, 268, 404, 17, 323, 519, 18, 33, 100, 163, 350, 363, 414, 306, 380], [31, 32, 43, 44, 51, 52, 142, 143, 269, 324, 348, 381, 28, 48, 161, 162, 224, 268, 350, 36, 290, 319, 376, 452, 35, 328, 33, 289, 322, 345, 379, 380, 264, 294, 392, 404, 267, 272, 291, 393, 397, 409, 323, 356, 34, 320, 327, 377, 47, 403, 408, 154, 281, 336, 384, 13, 270, 300, 346, 415, 434, 14, 273, 280, 385, 411], [13, 14, 41, 42, 45, 46, 47, 48, 155, 156, 224, 319, 401, 29, 30, 49, 225, 253, 81, 154, 264, 345, 393, 9, 380, 327, 268, 346, 385, 273, 299, 328, 376, 404, 24, 325, 289, 323, 382, 23, 40, 50, 356, 337, 402, 281, 290, 7, 270, 272, 355, 452, 39, 300, 388, 409, 43, 51, 52, 294, 336, 17, 343, 350, 384, 403, 434, 302, 381]],