{"rp_ids": ["rp_0", "rp_1", "rp_2", "rp_3", "rp_4", "rp_5", "rp_6", "rp_7", "rp_8", "rp_9", "rp_10", "rp_11", "rp_12", "rp_13", "rp_14", "rp_15", "rp_16"], "coords": [[28.534081911832725, -25.517781593031376], [-21.974146713850434, 2.066657045545677], [-31.429183496199357, 65.56745250336826], [54.8554147086226, -7.678054966586583], [26.476636649382574, -47.211129390634596], [-25.79503106608983, -31.915464616380632], [2.369908663593196, 19.689666340313853], [-77.88828165004355, -8.557115165613078], [13.926920702612087, -14.020689623509297], [-48.910262628894685, 46.859038806976564], [-15.512522060145676, -16.02147523533174], [22.589155296979524, -63.1014401223067], [-73.65368262790267, 8.357233908177625], [69.02593576052918, 12.721455077922457], [-43.143252598957325, 71.35647176645163], [-50.758116129823065, 17.238950355909765], [-33.556851490090374, 11.965934081155973]], "ap_ids": [[107, 109, 110, 114, 115, 116, 174, 175, 176, 180, 186, 188, 189, 255, 262, 274, 284, 288, 310, 317, 318, 329, 340, 344, 366, 374, 386, 390, 400, 15, 16, 88, 113, 165, 178, 179, 181, 248, 295, 314, 405, 111, 112, 278, 334, 351, 370, 396, 6, 108, 187, 261, 315, 316, 371, 372, 259, 263, 375, 148, 89, 368, 164, 367, 102, 177, 258, 338, 478, 82, 260, 369, 503], [15, 16, 37, 38, 88, 89, 170, 178, 179, 222, 223, 123, 167, 171, 149, 148, 182, 183, 166, 120], [90, 91, 103, 104, 105, 106, 167, 168, 172, 173, 191, 192, 248, 35, 125, 126, 222, 223, 166, 169, 454, 46, 36, 170, 8, 142, 143, 171, 182, 27, 55, 56, 449], [101, 107, 108, 113, 114, 115, 116, 140, 141, 146, 147, 164, 165, 174, 175, 176, 177, 180, 181, 188, 189, 274, 284, 329, 340, 386, 396, 102, 133, 222, 223, 248, 145, 478, 503, 11, 144, 400, 6, 12, 132, 127, 432, 131, 187, 288, 295, 316, 344, 351, 370, 405], [84, 108, 109, 110, 111, 112, 115, 116, 164, 165, 174, 175, 179, 186, 187, 188, 189, 274, 284, 288, 295, 316, 329, 334, 340, 344, 366, 370, 372, 386, 396, 400, 15, 16, 89, 178, 255, 259, 262, 263, 278, 310, 311, 317, 318, 351, 374, 375, 390, 85, 180, 261, 314, 82, 83, 257, 258, 286, 312, 342, 368, 369, 371], [15, 16, 37, 38, 88, 89, 148, 149, 164, 167, 178, 179, 189, 367, 400, 166, 184, 186, 187, 310, 311, 312, 374, 375, 183, 185, 308, 364, 175, 188, 256, 262, 263, 174, 288, 368, 112, 317, 182, 415, 257, 123, 21, 22, 165, 295, 314, 344, 405, 170, 171, 124, 111, 10, 259, 351, 366, 255, 109, 110, 222, 278, 390, 120, 334], [15, 16, 37, 38, 88, 89, 91, 168, 169, 178, 179, 191, 192, 222, 223, 248, 90, 56, 86, 55, 176, 177], [15, 16, 45, 119, 120, 123, 124, 129, 130, 148, 166, 167, 170, 171, 182, 183, 184, 185, 46, 137, 490, 179, 149, 88, 89, 178, 446, 172, 91, 173, 30, 90], [37, 178, 179, 223, 312, 368, 400, 15, 16, 38, 255, 256, 278, 310, 311, 334, 370, 344, 374, 165, 175, 222, 257, 288, 317, 366, 367, 262, 10, 109, 111, 174, 188, 189, 259, 263, 295, 314, 318, 351, 375, 390, 88, 89, 148, 149, 167, 91, 113, 116, 248, 21, 22, 396, 405, 115, 164, 112, 284], [90, 91, 103, 104, 105, 106, 125, 126, 166, 167, 168, 169, 171, 172, 173, 191, 192, 119, 120, 135, 183, 170, 134, 182, 223, 222, 248, 184, 185, 36, 142, 143, 468, 45, 46], [15, 16, 37, 38, 178, 179, 222, 223, 255, 256, 344, 370, 88, 89, 148, 149, 167, 262, 367, 368, 183, 310, 366, 189, 166, 182, 188, 288, 311, 374, 400, 164, 312, 257, 317, 170, 171, 10, 174, 165, 278, 110, 111, 112, 187, 295, 351, 390, 405, 175, 186, 334, 109, 375, 120], [15, 77, 78, 83, 84, 85, 109, 110, 111, 112, 148, 149, 164, 165, 174, 175, 186, 187, 188, 189, 257, 258, 260, 274, 286, 312, 315, 329, 338, 342, 367, 368, 369, 371, 372, 386, 398, 400, 16, 82, 88, 89, 179, 255, 259, 261, 262, 263, 278, 288, 310, 314, 316, 317, 318, 334, 370, 374, 375, 390, 59, 282, 313, 394, 256, 295, 344, 366, 311, 178, 351], [91, 119, 120, 123, 124, 136, 137, 166, 167, 170, 171, 173, 182, 183, 184, 185, 15, 16, 45, 46, 90, 105, 106, 126, 135, 169, 172, 129, 130, 168, 446, 148, 149, 29, 415, 308, 364, 89], [11, 12, 113, 114, 115, 116, 121, 144, 145, 146, 147, 176, 177, 181, 248, 418, 478, 503, 55, 56, 86, 108, 222, 223, 362, 413, 180, 107, 189, 489, 198, 449, 6, 140, 141, 432, 112, 175, 261, 284, 340, 396], [46, 90, 91, 103, 104, 105, 106, 168, 169, 172, 173, 191, 192, 8, 36, 142, 150, 151, 156, 248, 125, 222, 35, 126, 223, 17, 143, 404, 45, 55, 56, 373, 170, 171, 294, 345, 401, 350, 29, 30], [88, 90, 91, 105, 106, 119, 120, 134, 135, 166, 167, 168, 169, 170, 171, 172, 182, 183, 185, 191, 103, 104, 126, 136, 137, 142, 143, 173, 184], [37, 38, 91, 178, 179, 248, 222, 223, 10, 89, 90, 167, 170, 171, 183, 16, 88, 168, 169, 15, 149, 182]],