{"rp_ids": ["rp_0", "rp_1", "rp_2", "rp_3", "rp_4", "rp_5", "rp_6", "rp_7", "rp_8", "rp_9", "rp_10", "rp_11", "rp_12", "rp_13", "rp_14", "rp_15"], "coords": [[-6.811650265884283, 18.424041235222457], [35.86994815257927, -19.99625559973166], [8.146299286505467, -60.86142701358903], [-47.887670480409724, -29.76511771325022], [18.539858516893986, 6.473428250994119], [-24.575488799343848, 30.492167250472395], [32.94437380747057, -0.8847273383568415], [-25.8725621489923, -43.93975937894235], [-36.97092277088946, 20.090051311500154], [-54.55345804987451, -11.751356823691907], [46.44558488667454, -3.9066393813342755], [19.255429518645542, -48.93258437483261], [-17.487192923897965, -51.85837883967906], [-14.27271651666631, 24.754743886947193], [8.453624219870107, -73.04880173970014], [1.1831654826727949, 15.505857559416171]], "ap_ids": [[59, 60, 61, 62, 65, 66, 67, 69, 70, 73, 74, 78, 84, 96, 97, 121, 122, 203, 204, 277, 332, 389, 489, 495, 496, 501, 502, 516, 517, 85, 68, 77, 83, 503, 63, 64, 132, 82, 87, 486], [67, 68, 98, 99, 495, 501, 516, 69, 70, 77, 78, 277, 502, 73, 74, 96, 97, 117, 204, 84, 85, 332, 389, 517, 87, 203, 59, 60, 61, 496, 122, 62, 63, 65, 66, 121, 131, 132, 144, 145, 428, 478, 489, 503, 82, 83, 118, 456], [59, 61, 62, 65, 66, 67, 68, 73, 74, 87, 277, 332, 389, 486, 60, 69, 132, 502, 131, 517, 501, 97, 96, 496, 70, 516, 144, 145, 495, 64], [59, 60, 67, 69, 70, 87, 96, 277, 332, 389, 495, 496, 68, 82, 83, 502, 117, 97, 517, 78, 61, 62, 64, 73, 489, 63, 84, 98, 127, 128, 315, 118, 501, 74, 121, 432, 484, 516, 65, 66, 77, 511, 203, 204, 386, 99, 122, 138], [59, 60, 61, 62, 63, 64, 65, 66, 67, 68, 69, 70, 73, 74, 77, 78, 85, 87, 96, 97, 98, 99, 203, 204, 277, 332, 489, 495, 496, 501, 516, 517, 389, 121, 122, 484, 502, 248, 145, 144, 132, 131], [59, 60, 96, 97, 98, 121, 122, 131, 132, 203, 204, 277, 332, 389, 495, 501, 503, 516, 113, 140, 74, 141, 114, 73, 61, 63, 65, 66, 67, 68, 69, 144, 145, 6, 62, 64, 70, 478, 502, 517], [96, 97, 98, 99, 203, 204, 495, 501, 516, 69, 70, 73, 74, 77, 78, 332, 389, 489, 117, 118, 277, 496, 517, 67, 84, 85, 502, 68, 87, 82, 83, 59, 60, 248, 449, 66], [59, 60, 67, 68, 69, 70, 87, 277, 332, 389, 61, 62, 496, 489, 122, 502, 73, 517, 501, 98, 99, 121, 516, 74, 97, 495, 65, 66, 77, 78, 96, 145, 486, 82, 83, 85], [59, 60, 67, 68, 73, 74, 121, 203, 204, 277, 486, 61, 62, 77, 78, 96, 97, 122, 332, 389, 501, 502, 516, 517, 6, 140, 141, 63, 87, 495, 496, 114, 478, 98, 64, 69, 70, 66, 503, 113, 132], [59, 60, 61, 62, 69, 70, 73, 277, 332, 389, 68, 74, 67, 203, 204, 502, 260, 274, 315, 329, 371, 386, 394, 313, 496, 282, 340, 517, 372, 369, 258, 338, 64, 65, 66, 87, 96, 145, 486, 495, 516, 97, 284, 396, 484, 501, 98, 261, 77, 99, 489, 316, 109, 110, 174, 351, 122], [67, 68, 96, 97, 98, 99, 204, 495, 501, 516, 117, 118, 489, 248, 70, 77, 78, 203, 428, 277, 479, 69, 60, 73, 74, 85, 332, 389, 496, 502, 517, 436, 456], [67, 68, 73, 74, 77, 78, 277, 332, 389, 69, 70, 495, 501, 516, 59, 60, 486, 62, 502, 61, 121, 122, 131, 496, 87, 144, 145, 249, 484, 96, 479, 517, 97, 432], [59, 67, 68, 73, 74, 277, 332, 389, 486, 60, 69, 87, 496, 501, 502, 517, 495, 516, 70, 61, 62, 489, 98, 99, 63, 122, 96, 97, 145, 249], [59, 60, 61, 62, 65, 66, 73, 74, 77, 78, 84, 96, 97, 121, 122, 131, 132, 203, 204, 277, 332, 389, 495, 496, 501, 503, 516, 63, 64, 67, 68, 69, 70, 85, 489, 82, 83, 99, 517, 87, 484, 145, 144, 248, 502], [67, 68, 73, 74, 97, 277, 332, 389, 486, 87, 96, 60, 61, 62, 69, 489, 495, 501, 502, 516], [59, 60, 63, 65, 66, 69, 70, 73, 74, 77, 84, 85, 96, 97, 121, 122, 203, 204, 332, 489, 495, 501, 516, 517, 61, 62, 64, 67, 68, 277, 389, 496, 502, 484, 78, 87, 82, 83, 486]], "rssi": [[-84.0, -84.68452380952381, -88.73287671232876, -88.43939393939394, -88.96875, -89.65853658536585, -87.27731092436974, -85.29936305732484, -85.11347517730496, -84.98765432098766, -86.25806451612904, -86.22988505747126, -85.46601941747574, -65.21243523316062, -65.20207253886011, -85.29078014184397, -85.63194444444444, -66.96410256410256, -66.9381443298969, -85.75, -85.85470085470085, -83.24175824175825, -81.94736842105263, -69.36065573770492, -81.52631578947368, -69.52173913043478, -81.51162790697674, -69.71186440677967, -84.075, -86.15384615384616, -87.06930693069307, -86.57608695652173, -88.41304347826087, -90.90697674418605, -88.8125, -89.27027027027027, -89.4, -86.29032258064517, -89.0, -81.625], [-78.51552795031056, -78.35, -85.42537313432835, -85.4469696969697, -66.65413533834587, -67.40372670807453, -67.01459854014598, -85.20967741935483, -84.79166666666667, -87.51724137931035, -86.33333333333333, -83.6574074074074, -85.6029411764706, -88.89473684210526, -89.09433962264151, -87.56, -88.4, -94.66666666666667, -93.0, -91.11111111111111, -90.43478260869566, -83.81188118811882, -84.32222222222222, -83.9622641509434, -89.76923076923077, -91.0, -85.78571428571429, -86.55405405405405, -90.04545454545455, -83.765625, -89.95833333333333, -88.84615384615384, -90.0, -89.35714285714286, -89.875, -90.0, -89.5, -90.8, -85.0, -85.45454545454545, -90.57142857142857, -85.0, -89.32, -87.0, -86.41666666666667, -85.6086956521739, -85.36363636363636, -92.5], [-76.0, -88.0, -87.46153846153847, -88.33333333333333, -88.66666666666667, -50.81395348837209, -50.906976744186046, -71.86046511627907, -71.74418604651163, -84.94594594594595, -66.875, -66.46511627906976, -66.09302325581395, -73.15384615384616, -75.66666666666667, -87.3076923076923, -83.23076923076923, -84.26666666666667, -84.21428571428571, -81.73333333333333, -87.5, -87.0, -90.625, -80.78260869565217, -88.6923076923077, -88.11111111111111, -89.0, -89.0, -85.0, -89.0], [-51.53333333333333, -51.2, -72.83333333333333, -72.35, -72.26666666666667, -80.28571428571429, -85.45714285714286, -62.8, -63.733333333333334, -63.1, -83.94117647058823, -83.58333333333333, -73.48148148148148, -85.55172413793103, -82.2, -82.8048780487805, -87.625, -82.69565217391305, -83.53846153846153, -82.125, -86.72727272727273, -86.95348837209302, -86.76, -94.0, -88.6, -83.59375, -86.0, -88.0909090909091, -87.0, -86.77777777777777, -88.0, -85.52941176470588, -84.54545454545455, -89.0, -90.33333333333333, -81.1, -90.0, -82.0, -89.5, -89.47058823529412, -69.0, -87.42857142857143, -87.0, -85.0, -89.0, -79.0, -86.0, -92.0], [-84.14634146341463, -83.73417721518987, -87.96428571428571, -87.73584905660377, -86.59183673469387, -87.32857142857142, -88.57575757575758, -88.2, -82.37931034482759, -83.14925373134328, -83.04081632653062, -83.32323232323232, -84.36, -84.75728155339806, -85.91764705882353, -85.12307692307692, -90.0, -89.45283018867924, -60.87407407407407, -60.992592592592594, -85.98863636363636, -85.87209302325581, -80.54, -80.20652173913044, -88.11538461538461, -87.91304347826087, -71.61261261261261, -55.940298507462686, -84.30555555555556, -56.1037037037037, -56.090225563909776, -84.0625, -87.84615384615384, -89.0, -90.66666666666667, -91.25, -85.97142857142858, -93.18181818181819, -90.33333333333333, -92.0, -92.0, -92.0], [-86.35245901639344, -85.89430894308943, -79.73548387096774, -79.11688311688312, -91.0, -79.62345679012346, -79.1025641025641, -90.18, -90.54347826086956, -56.23529411764706, -56.247058823529414, -87.53846153846153, -87.93827160493827, -88.14285714285714, -77.01351351351352, -77.14765100671141, -86.12941176470588, -77.22535211267606, -90.5, -86.23333333333333, -88.03225806451613, -85.03125, -90.93333333333334, -86.82142857142857, -93.4, -91.375, -91.57142857142857, -92.0, -91.07692307692308, -91.0, -87.4, -91.33333333333333, -90.8, -87.9, -90.0, -90.0, -92.88888888888889, -94.5, -94.33333333333333, -93.0], [-80.62424242424242, -80.58823529411765, -79.82051282051282, -79.63225806451612, -88.50526315789473, -87.50574712643679, -46.1764705882353, -45.706586826347305, -45.87407407407407, -86.75757575757575, -88.2463768115942, -89.015625, -89.609375, -85.375, -84.04878048780488, -88.17857142857143, -88.09375, -84.52325581395348, -88.84615384615384, -90.56521739130434, -87.38235294117646, -90.24137931034483, -89.78048780487805, 