{"rp_ids": ["rp_0", "rp_1", "rp_2", "rp_3", "rp_4", "rp_5", "rp_6", "rp_7", "rp_8", "rp_9", "rp_10", "rp_11", "rp_12", "rp_13", "rp_14", "rp_15"], "coords": [[-3.725895880853256, 17.56031745525875], [35.877089282353985, -19.985851439349794], [-22.06103068304033, -47.5391318610954], [-30.74141789110945, 24.40377528872341], [-54.54761900015122, -11.587422893382609], [30.088090084092407, 5.174370445360086], [8.26957161305836, -64.68521272018552], [12.84999937961165, 10.188719950197692], [46.33062123098117, -4.077017694985604], [-22.945449701951226, 32.668097410943695], [19.255429518645542, -48.894647119950285], [-47.887670480409724, -29.76511771325022], [-39.31860030927475, 18.386561073291187], [34.4244481004938, -4.024441644464704], [-14.27271651666631, 24.754743886947193], [20.80875598756029, 3.047991110943258]], "ap_ids": [[59, 60, 63, 65, 66, 69, 70, 73, 74, 77, 84, 85, 96, 97, 121, 122, 203, 204, 332, 489, 495, 501, 516, 517, 61, 62, 67, 78, 277, 389, 496, 502, 68, 87, 83, 503, 64, 132, 82, 486], [67, 68, 98, 99, 495, 501, 516, 69, 70, 77, 78, 277, 502, 73, 74, 96, 97, 117, 204, 84, 85, 332, 389, 517, 87, 203, 59, 60, 61, 496, 122, 62, 63, 65, 66, 121, 131, 132, 144, 145, 428, 478, 489, 503, 82, 83, 118, 456], [59, 60, 67, 68, 69, 70, 87, 277, 332, 389, 73, 74, 486, 496, 501, 502, 517, 495, 516, 61, 62, 489, 122, 98, 99, 121, 97, 65, 66, 77, 78, 96, 145, 82, 83, 85, 63, 249], [59, 60, 63, 67, 68, 73, 74, 87, 96, 97, 121, 122, 203, 204, 277, 332, 389, 495, 496, 501, 502, 516, 517, 113, 131, 140, 141, 61, 65, 66, 69, 132, 144, 145, 62, 114, 478, 6, 64, 70, 503], [59, 60, 61, 62, 69, 70, 73, 277, 332, 389, 68, 74, 67, 203, 204, 502, 260, 274, 315, 329, 371, 386, 394, 313, 496, 282, 340, 517, 372, 369, 258, 338, 64, 65, 66, 87, 96, 145, 486, 495, 516, 97, 284, 396, 484, 501, 98, 261, 77, 99, 489, 316, 109, 110, 174, 351, 122], [77, 78, 96, 97, 98, 99, 203, 501, 489, 516, 495, 117, 118, 204, 68, 73, 74, 517, 248, 67, 69, 70, 502, 496, 449], [59, 61, 62, 65, 66, 67, 68, 73, 74, 87, 277, 332, 389, 486, 97, 60, 69, 132, 502, 131, 517, 501, 96, 496, 70, 516, 144, 145, 495, 489, 64], [59, 60, 61, 62, 63, 64, 65, 66, 67, 68, 69, 70, 73, 74, 77, 96, 97, 121, 122, 203, 204, 277, 332, 389, 489, 495, 496, 501, 502, 516, 517, 78, 87, 98, 99, 484, 85, 248, 82, 83, 84, 144, 145], [67, 68, 96, 97, 98, 99, 204, 495, 501, 516, 117, 118, 489, 248, 70, 77, 78, 203, 428, 277, 479, 69, 60, 73, 74, 85, 332, 389, 496, 502, 517, 436, 456], [59, 60, 96, 97, 98, 121, 122, 131, 132, 203, 204, 277, 332, 389, 495, 501, 503, 516, 140, 114, 141, 73, 74, 113, 6, 478], [67, 68, 73, 74, 77, 78, 277, 332, 389, 69, 70, 495, 501, 516, 59, 60, 486, 62, 502, 61, 121, 122, 131, 496, 87, 144, 145, 249, 484, 96, 479, 517, 97, 432], [59, 60, 67, 69, 70, 87, 96, 277, 332, 389, 495, 496, 68, 82, 83, 502, 117, 97, 517, 78, 61, 62, 64, 73, 489, 63, 84, 98, 127, 128, 315, 118, 501, 74, 121, 432, 484, 516, 65, 66, 77, 511, 203, 204, 386, 99, 122, 138], [59, 60, 67, 68, 73, 74, 121, 203, 204, 277, 486, 61, 62, 77, 78, 96, 97, 122, 332, 389, 501, 502, 516, 517, 6, 140, 141, 496, 63, 87, 495, 98, 503, 113], [96, 97, 98, 99, 203, 204, 495, 501, 516, 69, 70, 73, 74, 77, 78, 332, 389, 489, 117, 118, 277, 496, 517, 67, 84, 85, 502, 68, 87, 82, 83, 59, 60, 248, 66], [59, 60, 61, 62, 65, 66, 73, 74, 77, 78, 84, 96, 97, 121, 122, 131, 132, 203, 204, 277, 332, 389, 495, 496, 501, 503, 516, 63, 64, 67, 68, 69, 70, 85, 489, 82, 83, 99, 517, 87, 484, 145, 144, 248, 502], [59, 60, 61, 62, 63, 64, 65, 66, 67, 68, 69, 70, 73, 74, 77, 78, 85, 87, 96, 97, 98, 99, 203, 204, 277, 332, 489, 495, 496, 501, 516, 517, 389, 502, 248, 145, 132, 484, 131]], "rssi": [[-84.29251700680273, -84.75, -88.13888888888889, -89.21904761904761, -89.90322580645162, -86.11877394636015, -86.375, -86.25308641975309, -86.90857142857143, -87.29012345679013, -85.72432432432433, -86.27659574468085, -61.74444444444445, -61.68333333333333, -86.5609756097561, -86.50251256281408, -70.76944444444445, -70.60335195530726, -85.44827586206897, -79.35172413793103, -68.77581120943952, -68.95548961424332, -69.14678899082568, -83.58558558558559, -88.93693693693693, -88.66183574879227, -87.20441988950276, -86.61313868613139, -84.95731707317073, -84.19310344827586, -80.97014925373135, -81.0701754385965, -86.94219653179191, -89.20289855072464, -88.41304347826087, -90.90697674418605, -89.01515151515152, -89.4, -86.52941176470588, -81.44444444444444], [-78.51552795031056, -78.35, -85.42537313432835, -85.4469696969697, -66.65413533834587, -67.40372670807453, -67.01459854014598, -85.20967741935483, -84.79166666666667, -87.51724137931035, -86.33333333333333, -83.6574074074074, -85.6029411764706, -88.89473684210526, -89.09433962264151, -87.56, -88.4, -94.66666666666667, -93.0, -91.11111111111111, -90.43478260869566, -83.81188118811882, -84.32222222222222, -83.9622641509434, -89.76923076923077, -91.0, -85.78571428571429, -86.55405405405405, -90.04545454545455, -83.765625, -89.95833333333333, -88.84615384615384, -90.0, -89.35714285714286, -89.875, -90.0, -89.5, -90.8, -85.0, -85.45454545454545, -90.57142857142857, -85.0, -89.32, -87.0, -86.41666666666667, -85.6086956521739, -85.36363636363636, -92.5], [-78.16867469879519, -78.1951219512195, -74.07954545454545, -73.81818181818181, -85.35714285714286, -78.08, -85.3030303030303, -52.69318181818182, -52.80681818181818, -53.03488372093023, -89.45454545454545, -89.28, -85.7741935483871, -81.17241379310344, -83.06382978723404, -80.3, -80.61702127659575, -83.24444444444444, -83.4, -85.82352941176471, -87.73529411764706, -84.07142857142857, -86.28571428571429, -85.22222222222223, -84.70588235294117, -87.2, -88.33333333333333, -89.0, -89.73684210526316, -84.0, -83.0, -87.5, -84.5, -81.0, -87.0, -78.0, -90.0, -87.0], [-85.3103448275862, -84.94252873563218, -91.44444444444444, -90.78571428571429, -91.1875, -89.21621621621621, -89.70588235294117, -93.28571428571429, -85.13333333333334, -85.33695652173913, -81.31818181818181, -81.35398230088495, -59.45, -59.28333333333333, -86.18181818181819, -87.82894736842105, -87.40298507462687, -82.49411764705883, -90.0909090909091, -83.07368421052631, -88.25, -82.62962962962963, -90.6, -92.125, -90.07142857142857, -87.84210526315789, -85.82142857142857, -92.55555555555556, -91.57142857142857, -91.6, -89.44444444444444, -92.25, -91.33333333333333, -90.8, -90.78260869565217, -91.71428571428571, -85.85714285714286, -92.33333333333333, -91.0, -92.0, -82.23076923076923], [-66.34579439252336, -66.17757009345794, -86.72916666666667, -86.9090909090909, -81.40816326530613, -81.64285714285714, -85.95121951219512, -78.4040404040404, -79.05319148936171, -78.77, -83.71084337349397, -85.94285714285714, -84.65822784810126, -88.7, -88.6842105263158, -87.18181818181819, -92.33333333333333, -86.53125, -88.8695652173913, -87.0, -91.28571428571429, -85.6923076923077, -86.65384615384616, -89.5, -87.55, -86.57142857142857, -84.95652173913044, -89.13636363636364, -90.45454545454545, -85.95, -87.61111111111111, -84.2, -89.0, -89.2, -87.7, -83.63333333333334, -87.43333333333334, -78.2, -86.45, -84.625, -85.875, -87.1923076923077, -84.3913043478261, -85.08333333333333, -91.375, -87.0, -89.46666666666667, -89.5, -82.0, -90.0, -90.0, -90.0, -89.0, -88.8, -89.0, -90.0, -92.0], [-88.73333333333333, -89.0, -83.33928571428571, -83.26, -85.26086956521739, -85.17391304347827, -89.57894736842105, -54.80701754385965, -81.22857142857143, -54.829787234042556, -55.02, -95.0, -94.0, -88.72222222222223, -93.0, -92.44444444444444, -92.375, -95.0, -91.33333333333333, -92.25, -92.4, -89.0, -94.0, -88.0, -95.0], [-76.0, -88.51282051282051, -88.36111111111111, -88.33333333333333, -88.66666666666667, -52.93650793650794, -53.01587301587302, -73.52380952380952, -73.41269841269842, -85.53061224489795, -69.78333333333333, -69.55555555555556, -69.17460317460318, -70.76271186440678, -87.26923076923077, -77.30434782608695, -88.42105263157895, -83.23076923076923, -85.66666666666667, -84.21428571428571, -81.73333333333333, -89.16666666666667, 