{"rp_ids": ["rp_0", "rp_1", "rp_2", "rp_3", "rp_4", "rp_5", "rp_6", "rp_7", "rp_8", "rp_9", "rp_10", "rp_11", "rp_12", "rp_13", "rp_14", "rp_15", "rp_16"], "coords": [[-75.00538034823967, 45.020613067783415], [37.32326965170669, 1.5860330695286393], [-8.125695454804362, -10.175216296572614], [-101.69623034906817, -2.876461931504309], [7.920920874568765, -48.47830748490604], [39.73317109330915, -12.896807406199391], [-57.425980347145924, 76.29666306916624], [19.45726281962691, -3.50959195834757], [-21.595180348430404, 22.39591306913644], [37.7532558575242, 23.894024638353127], [55.22997200870988, 14.238119578083161], [-67.27533034973999, 58.97808807063848], [-36.34973034722043, 5.484413065947592], [-93.68451413236626, 12.188169826451388], [5.4444696522014056, -22.222686930559576], [28.787962991289735, 16.76193106515954], [-35.292728566501864, -35.57391533162445]], "ap_ids": [[8, 91, 103, 104, 105, 106, 120, 125, 126, 129, 130, 134, 135, 137, 90, 151, 173, 119, 136, 150, 171, 248, 172, 170, 124, 168], [6, 101, 102, 107, 108, 140, 141, 146, 340, 396, 262, 278, 284, 295, 314, 317, 334, 351, 374, 390, 405, 147, 259, 370, 113, 114, 274, 372, 111, 116, 258, 260, 261, 282, 313, 316, 338, 369, 386, 394, 478], [255, 284, 310, 366, 256, 257, 312, 340, 368, 396, 400, 288, 311, 344, 351, 367, 334, 37, 38, 262, 317, 390, 405, 386, 374, 314, 278, 259, 394, 370, 260, 371, 295, 282, 338, 88], [119, 120, 123, 124, 129, 130, 136, 137, 166, 167, 184, 185, 148, 149, 15, 89, 23, 24, 88, 16, 171, 134, 135, 170, 125], [6, 109, 110, 140, 258, 259, 261, 262, 263, 274, 278, 282, 284, 288, 295, 313, 314, 316, 317, 318, 329, 334, 338, 340, 344, 369, 370, 371, 372, 374, 375, 386, 390, 394, 396, 400, 405, 260, 315, 351, 111, 69, 256, 257, 312, 368, 188, 189, 112, 366, 107, 186, 367, 102, 141, 108, 310, 311, 187, 101, 16, 164, 255], [6, 101, 102, 107, 108, 140, 141, 261, 295, 316, 338, 351, 372, 405, 340, 396, 259, 274, 278, 314, 370, 115, 116, 282, 284, 329, 334, 344, 394, 315, 386, 390, 371, 260, 113, 288, 400, 503, 121, 122, 132, 114, 131, 111, 258, 313, 369], [8, 103, 104, 125, 126, 134, 135, 150, 151, 105, 106, 248, 136, 137], [6, 101, 102, 107, 108, 140, 141, 284, 338, 340, 351, 386, 259, 288, 295, 314, 316, 344, 370, 396, 405, 116, 274, 278, 261, 372, 260, 329, 375, 394, 313, 146, 371, 147, 115, 113, 114, 111, 112, 282, 334, 390, 37, 315, 263, 38, 248], [15, 37, 38, 88, 89, 103, 107, 108, 113, 125, 126, 147, 148, 149, 172, 178, 179, 222, 223, 256, 257, 310, 311, 312, 367, 368, 91, 104, 173, 16, 366], [6, 140, 141, 146, 147, 101, 102, 108, 107, 340, 248, 284, 295], [6, 101, 102, 140, 141, 248, 503, 146, 107, 147, 108, 122, 132, 478, 121], [8, 103, 104, 105, 106, 125, 126, 134, 135, 150, 151, 172, 27, 173, 28, 248, 91, 223, 90, 222, 137], [15, 16, 37, 38, 88, 89, 107, 108, 148, 149, 178, 179, 222, 223, 312, 366, 367, 368], [119, 120, 123, 124, 129, 130, 134, 135, 136, 137, 170, 171, 166, 167, 125, 126, 104, 103, 90, 91, 105, 148, 106], [6, 101, 109, 140, 141, 258, 259, 260, 261, 262, 263, 278, 282, 284, 288, 295, 314, 315, 316, 317, 318, 329, 334, 338, 340, 344, 351, 374, 375, 386, 390, 394, 396, 400, 405, 102, 274, 370, 371, 372, 110, 366, 369, 310, 313, 116, 107, 108, 164, 255, 256, 311], [6, 101, 102, 107, 140, 141, 146, 147, 108, 114, 172, 173, 38, 113, 284, 340, 396, 295, 405, 37], [37, 38, 88, 89, 109, 137, 149, 178, 179, 188, 255, 256, 257, 262, 263, 278, 288, 295, 310, 311, 312, 317, 318, 334, 344, 351, 366, 367, 368, 370, 374, 375, 390, 400, 405, 15, 16, 107, 108, 148, 222, 223]], "rssi": [[-86.9, -89.82352941176471, -90.16129032258064, -89.14285714285714, -77.9, -77.6, -90.2, -64.60526315789474, -65.775, -89.2, -88.52631578947368, -52.95, -53.05, -79.78125, -88.36, -86.1875, -96.33333333333333, -91.2, -90.04761904761905, -87.13636363636364, -88.88888888888889, -87.3076923076923, -96.0, -87.875, -93.0, -93.0], [-79.03333333333333, -66.48979591836735, -66.40816326530613, -78.0625, -78.16326530612245, -59.06, -59.24, -89.33333333333333, -70.6875, -72.89473684210526, -88.0, -75.8, -71.72222222222223, -75.20689655172414, -80.9090909090909, -91.0, -84.81818181818181, -76.89189189189189, -90.0, -85.875, -76.7741935483871, -88.9090909090909, -81.0, -86.0, -79.83333333333333, -81.72727272727273, -84.0, -91.0, -86.0, -85.0, -78.5, -80.0, -72.77777777777777, -73.6, -78.25, -72.6, -72.6, -69.0, -67.0, -72.0, -73.0], [-74.97727272727273, -85.91935483870968, -74.95505617977528, -74.55813953488372, -81.42622950819673, -86.22727272727273, -85.76119402985074, -86.3076923076923, -85.63235294117646, -85.8125, -88.08333333333333, -88.36363636363636, -82.92857142857143, -88.42857142857143, -89.66666666666667, -81.76595744680851, -90.36363636363636, -89.02380952380952, -88.0, -92.0, -91.6, -88.33333333333333, -90.4, -95.0, -90.4, -90.5, -89.2, -91.0, -90.625, -89.0, -92.0, -93.0, -88.5, -92.0, -92.0, -87.0], [-87.58666666666667, -87.72368421052632, -72.125, -72.2, -53.775, -53.625, -70.325, -71.25, -86.82051282051282, -86.58227848101266, -91.94117647058823, -90.0, -88.27777777777777, -87.54385964912281, -90.45454545454545, -90.56, -93.2, -93.72222222222223, -91.56, -92.0, -90.57142857142857, -87.0, -87.0, -88.0, -89.0], [-92.0, -81.6068376068376, -81.15625, -89.44444444444444, -58.75812274368231, -57.27715355805243, -53.62237762237762, -58.644128113879006, -61.5703125, -54.01418439716312, -57.66202090592334, -55.48339483394834, -58.78776978417266, -60.25992779783393, -63.43014705882353, -58.71785714285714, -56.59176029962547, -53.82105263157895, -57.58687258687259, -61.18326693227092, -53.90181818181818, -57.54195804195804, -54.94296577946768, -58.13333333333333, -60.33455882352941, -58.358695652173914, -56.185483870967744, -55.855595667870034, -53.545126353790614, -58.40890688259109, -60.93172690763052, -53.1897233201581, -57.84132841328413, -55.204633204633204, -58.37642585551331, -59.888, -63.86330935251799, -55.97508896797153, -56.01090909090909, -63.631768953068594, -75.09756097560975, -90.0, -79.85714285714286, -76.6, -77.82352941176471, -75.07142857142857, -84.63333333333334, -82.32727272727273, -75.91129032258064, -74.17647058823529, -84.4, -90.33333333333333, -80.3, -85.125, -89.18181818181819, -86.71428571428571, -82.84615384615384, -83.25, -88.0, -84.9090909090909, -93.0, -92.0, -74.0], [-65.55, -62.38655462184874, -62.33613445378151, -78.97345132743362, -79.45689655172414, -65.58823529411765, -65.73109243697479, -77.22222222222223, -75.20952380952382, -79.625, -83.72727272727273, -76.72115384615384, -80.44444444444444, -77.4375, -74.93548387096774, -74.11764705882354, -80.5, -76.33333333333333, -84.0, -80.0, -84.5, -90.0, -89.0, -83.52631578947368, -73.45652173913044, -74.84615384615384, -83.35714285714286, -83.0, -84.16666666666667, -89.0, -81.16, -83.5, -82.0, -81.5, -83.48, -75.5, -76.0, -84.66666666666667, -92.0, -89.16666666666667, -86.0, -76.22222222222223, -87.0, -86.0, -79.0, -79.0, -69.0], [-67.5, -87.39285714285714, -89.89189189189189, -67.625, -67.075, -74.525, -75.025, -67.625, -67.875, -43.0, -94.53333333333333, -89.41666666666667, -99.0, -93.0], [-79.0, -62.19444444444444, -62.18518518518518, -75.1574074074074, -75.4245283018868, -68.07407407407408, -67.76190476190476, -73.11111111111111, -87.84, -73.4235294117647, -78.6842105263158, -88.0, -73.25, -81.0, -77.25974025974025, -75.56521739130434, -85.33333333333333, -87.3, -85.66666666666667, -73.82191780821918, -77.5223880597015, -88.38461538461539, -80.27586206896552, -81.35185185185185, -87.6, -81.7, -85.5, -86.4, -74.42857142857143, -89.36363636363636, -88.0, -93.5, -78.33333333333333, -95.0, -85.875, -87.42105263157895, -84.57142857142857, -91.0, -92.0, -86.05882352941177, -84.02272727272727, -80.0, -89.0, -86.0, -74.0, -89.0, -91.0], [-85.95652173913044, -60.25, -63.275, -70.7, -71.175, -71.95652173913044, -88.325, -87.875, -82.0, -87.19047619047619, -87.87096774193549, -90.0, -77.825, -76.775, -73.0, -72.175, -72.275, -76.7, -80.475, -84.88888888888889, -82.0, -83.0, -90.0, -86.5, -85.07692307692308, 