{"rp_ids": ["rp_0", "rp_1", "rp_2", "rp_3", "rp_4", "rp_5", "rp_6", "rp_7", "rp_8", "rp_9", "rp_10", "rp_11"], "coords": [[62.71587273683193, -17.05081872785146], [-39.35587766941438, 43.568483817467126], [-37.750768302814684, 1.4635783803649247], [34.166708809076226, -40.77703098859638], [21.307687608442127, -28.96743287739581], [30.480058808563626, -74.59926431781302], [-67.99802803346431, -12.336525723191077], [-17.363622424514443, -3.1676238933578134], [-43.215535706458894, 27.611616579126324], [74.02816297545948, 0.3445233451202512], [10.130175737416721, -16.969865324907005], [-27.75662451903437, 56.099945056731144]], "ap_ids": [[11, 12, 107, 113, 114, 115, 116, 144, 145, 147, 176, 177, 180, 181, 222, 223, 248, 478, 503, 108, 141, 146, 164, 165, 131, 132, 186, 187, 102, 174, 175, 188, 189, 316, 396, 37, 38, 191, 192, 140, 432, 122], [90, 91, 168, 169, 172, 173, 191, 192, 103, 222, 380, 104, 223, 182, 248, 183, 142, 323, 106, 125, 143, 268, 126, 105, 37, 36], [168, 169, 171, 182, 183, 90, 91, 170, 268, 185, 191, 192, 323, 380, 184, 119, 120, 166, 248, 16, 222, 223, 15, 22, 45, 46, 143, 167, 172, 173, 142], [115, 116, 164, 165, 174, 176, 177, 180, 181, 186, 187, 284, 340, 113, 114, 145, 175, 372, 405, 478, 351, 310, 248], [16, 15, 317, 400, 256, 257, 312, 367, 368, 222, 223, 262, 288, 344, 21, 22, 374, 310, 366, 311, 255, 188], [10, 15, 16, 111, 112, 164, 165, 174, 175, 186, 187, 188, 189, 257, 259, 262, 263, 278, 288, 311, 312, 314, 317, 368, 374, 400, 405, 78, 82, 83, 84, 85, 110, 258, 284, 371, 398, 439, 286, 342, 109, 176, 177, 180, 149, 367, 115, 116, 181, 77, 375, 370, 372, 261], [123, 124, 166, 167, 171, 182, 183, 184, 185, 119, 120, 168, 170, 169, 16, 191, 192, 148, 45, 46, 15, 149, 364], [15, 16, 37, 38, 168, 169, 178, 179, 222, 223, 248, 182, 89, 91, 88, 90, 192, 108, 176, 191], [90, 91, 168, 169, 172, 173, 183, 185, 191, 192, 182, 222, 105, 106, 142, 248, 323, 170, 171, 184, 167, 223, 166, 268, 380], [113, 114, 115, 116, 146, 147, 176, 177, 180, 181, 223, 248, 478, 503, 55, 56, 86, 222, 144, 145, 413, 362], [15, 16, 37, 38, 116, 178, 179, 222, 223, 288, 344, 374, 177, 310, 366, 255, 262, 176, 317, 248], [168, 169, 172, 173, 191, 192, 222, 223, 248, 90, 91, 182, 183, 208, 209]], "rssi": [[-89.98214285714286, -86.91891891891892, -87.95555555555555, -74.33125, -74.40384615384616, -81.09375, -80.69753086419753, -86.63492063492063, -86.41666666666667, -88.29166666666667, -62.951219512195124, -63.01219512195122, -63.33536585365854, -63.49390243902439, -83.8695652173913, -84.65306122448979, -84.80882352941177, -79.74809160305344, -78.37623762376238, -88.57575757575758, -90.0, -83.96296296296296, -77.76923076923077, -77.08333333333333, -90.42857142857143, -90.18181818181819, -84.34375, -85.22222222222223, -89.0, -85.2, -85.0, -84.0, -85.0, -89.0, -88.0, -90.1, -92.35714285714286, -91.0, -91.0, -88.0, -88.0, -89.0], [-85.27536231884058, -85.08955223880596, -70.78571428571429, -71.87755102040816, -81.30526315789474, -81.22448979591837, -64.15306122448979, -64.90816326530613, -93.81818181818181, -91.275, -92.66666666666667, -93.21739130434783, -91.34210526315789, -92.61538461538461, -87.52380952380952, -92.64285714285714, -93.0, -93.0, -93.83333333333333, -94.0, -93.5, -92.5, -94.5, -95.0, -95.0, -95.0], [-79.98113207547169, -78.79591836734694, -88.66666666666667, -82.4090909090909, -82.68888888888888, -88.19047619047619, -87.55555555555556, -88.32, -86.83333333333333, -87.15384615384616, -89.5925925925926, -89.75862068965517, -89.11111111111111, -89.625, -87.05, -94.8, -95.0, -91.5, -92.0952380952381, -92.62962962962963, -92.38461538461539, -92.45454545454545, -92.47368421052632, -95.0, -92.83333333333333, -93.33333333333333, -93.0, -91.22222222222223, -94.0, -94.5, -94.5], [-86.8, -89.4, -84.7, -85.8, -90.2, -87.66666666666667, -87.88888888888889, -79.9, -79.5, -87.0, -86.5, -87.0, -88.71428571428571, -92.6, -75.0, -90.0, -91.2, -94.0, -91.0, -83.0, -94.0, -94.0, -91.0], [-88.38297872340425, -88.6938775510204, -86.7, -89.75, -94.5, -92.5, -92.28571428571429, -94.25, -93.22222222222223, -93.83333333333333, -94.27272727272727, -86.83333333333333, -90.55555555555556, -90.71428571428571, -91.0, -91.33333333333333, -88.33333333333333, -93.0, -93.66666666666667, -94.0, -93.66666666666667, -95.0], [-84.4, -86.53333333333333, -86.67647058823529, -83.5, -86.42857142857143, -57.11666666666667, -57.266666666666666, -76.8, -77.11666666666666, -52.833333333333336, -53.06666666666667, -71.25, -71.05, -77.76470588235294, -84.0, -83.92857142857143, -84.66666666666667, -87.0, -85.0, -82.15384615384616, -80.0, -84.0, -85.63157894736842, -77.42857142857143, -86.72727272727273, -85.5, -89.55555555555556, -90.0, -86.38095238095238, -88.4, -81.70833333333333, -84.23076923076923, -84.0, -86.0, -89.4, -88.0, -89.0, -82.64285714285714, -86.4, -88.0, -88.88888888888889, -91.8, -89.81818181818181, -87.64285714285714, -87.0, -88.0, -87.0, -86.0, -86.25, -90.0, -88.0, -94.0, -92.0, -90.0], [-93.47368421052632, -93.19047619047619, -79.82666666666667, -79.78947368421052, -76.67272727272727, -62.03947368421053, -62.76315789473684, -62.81578947368421, -63.81578947368421, -86.225, -86.025, -93.0, -75.98214285714286, -92.6, -95.0, -93.0, -93.0, -92.83333333333333, -91.5, -91.66666666666667, -95.0, -93.66666666666667, -94.5], [-86.14432989690722, -86.12765957446808, -88.32, -87.84615384615384, -91.68181818181819, -90.60526315789474, -89.13461538461539, -89.0, -85.45, -85.59322033898304, -90.72727272727273, -95.0, -89.5, -93.75, -91.0, -93.0, -94.0, -93.0, -95.0, -93.0], [-76.33766233766234, -77.12987012987013, -61.03896103896104, -61.116883116883116, -87.39682539682539, -87.51388888888889, -90.04651162790698, -90.46153846153847, -74.74025974025975, -74.75324675324676, -89.97142857142858, -94.44444444444444, -89.91304347826087, -89.61538461538461, -93.4, -87.85, -94.0, -90.375, -91.71428571428571, -91.75, -94.42857142857143, -93.28571428571429, -93.0, -92.83333333333333, -92.75], [-77.10666666666667, -77.35616438356165, -86.1923076923077, -86.16666666666667, -85.82352941176471, -84.5, -52.583333333333336, -52.42857142857143, -71.07142857142857, -71.03571428571429, -90.17857142857143, -78.55737704918033, -84.57692307692308, -89.94444444444444, -91.0, -90.0, -89.0, -90.62068965517241, -91.0, -90.625, -91.8, -91.0], [-78.1, -78.1025641025641, -83.36666666666666, -82.96551724137932, -92.0, -90.61538461538461, -90.0909090909091, -79.85714285714286, -80.51724137931035, -94.0, -93.0, -93.0, -92.33333333333333, -94.0, -94.0, -95.0, -94.33333333333333, -91.0, -94.0, -93.33333333333333], [-81.62857142857143, -81.47142857142858, -87.11764705882354, -87.0909090909091, -67.92857142857143, -68.01428571428572, -91.66666666666667, -91.86666666666666, -88.14285714285714, -94.4, -94.6, -93.07142857142857, -93.0, -93.71428571428571, -94.0]],