{"rp_ids": ["rp_0", "rp_1", "rp_2", "rp_3", "rp_4", "rp_5", "rp_6", "rp_7", "rp_8", "rp_9", "rp_10", "rp_11", "rp_12", "rp_13", "rp_14", "rp_15", "rp_16"], "coords": [[43.67574614127953, -7.8634353260917775], [-40.53521116349384, -37.5273378547281], [-10.231594495706608, 21.873837146908045], [12.035588835445196, 7.242687147110701], [41.38518224509274, -28.361942563205957], [-30.40413616310343, 15.28336214646697], [-51.50484449687883, -25.523712852348883], [30.28958883753365, -1.4830359320801039], [-19.972927829482007, 26.473653812116634], [43.26328883700535, -17.453887853538617], [-1.5512400611236847, 16.340895554671686], [-27.097744494907904, -44.28572952002287], [-47.442486163149624, -33.695162852993235], [5.405661676721554, 13.170153813919535], [-56.21827782962009, -34.96021285528938], [-33.76521116300955, -41.28311285562813], [20.244160265740902, 3.9899442893053805]], "ap_ids": [[87, 117, 118, 127, 128, 138, 139, 144, 145, 248, 332, 481, 483, 501, 511, 516, 63, 64, 98, 99, 279, 335, 391, 479, 84, 85, 249, 495, 502, 61, 65, 69, 70, 83, 496, 233, 59, 60, 389, 418, 11, 12, 66, 82, 68, 277, 517], [63, 64, 78, 82, 83, 84, 85, 87, 145, 186, 187, 249, 286, 342, 398, 484, 502, 65, 66, 74, 77, 332, 69, 70, 144, 495, 501, 516, 439, 164, 315, 371, 61, 59, 391, 165], [11, 12, 63, 87, 122, 131, 132, 138, 139, 144, 145, 249, 305, 362, 481, 121, 128, 478, 496, 502, 64, 65, 73, 74, 83, 84, 85, 501, 517, 113, 486, 69, 70, 484, 248, 203, 114, 62, 77, 78, 413], [11, 12, 60, 61, 64, 70, 87, 138, 139, 144, 145, 248, 249, 481, 496, 502, 517, 62, 63, 65, 66, 69, 73, 78, 84, 85, 67, 68, 82, 117, 118, 127, 128, 277, 279, 332, 335, 389, 391, 479, 511], [11, 12, 59, 60, 61, 63, 64, 65, 67, 68, 69, 70, 74, 77, 78, 82, 84, 85, 87, 122, 127, 128, 131, 132, 138, 139, 144, 145, 279, 335, 391, 428, 456, 481, 496, 502, 511, 517, 83, 248, 427, 435, 436, 484, 5, 218, 455, 479, 480, 504, 249, 501, 503, 516], [11, 12, 73, 84, 85, 87, 132, 138, 144, 145, 286, 342, 398, 67, 68, 69, 131, 61, 62, 63, 64, 65, 66, 74, 78, 177, 180, 181, 496, 502, 517, 59, 60, 70, 82, 83, 117, 127, 248, 332, 389, 516, 114, 282, 503, 139, 249, 413, 481, 77, 305, 362], [64, 77, 78, 82, 83, 84, 85, 87, 111, 144, 145, 165, 186, 187, 248, 284, 286, 342, 369, 398, 63, 164, 282, 315, 332, 338, 372, 389, 260, 261, 394, 501, 502, 503, 329, 277, 318, 174, 175, 371, 386, 516, 396], [61, 62, 63, 66, 87, 117, 118, 127, 128, 138, 139, 144, 145, 248, 249, 332, 481, 483, 489, 495, 502, 511, 517, 98, 496, 501, 516, 64, 67, 68, 82, 389, 479, 65, 85, 11, 12, 69, 70, 74, 83, 84, 236, 277, 97, 78, 96, 233, 237, 60, 279, 335, 391], [11, 12, 84, 85, 87, 114, 131, 132, 138, 139, 144, 145, 286, 342, 398, 478, 113, 249, 248, 481, 517, 63, 64, 121, 122, 73, 69, 77, 83, 117, 118, 127, 128, 479, 483, 495, 501, 502, 511, 503, 78, 305, 362, 413, 496], [63, 64, 87, 117, 118, 127, 128, 138, 139, 145, 236, 248, 279, 332, 335, 391, 479, 481, 483, 511, 66, 70, 84, 456, 59, 60, 389, 418, 85, 237, 235, 98, 99, 144, 277, 68, 69, 82, 496, 502, 517], [11, 12, 85, 87, 138, 139, 144, 145, 248, 249, 481, 496, 502, 517, 63, 84, 132, 61, 62, 64, 65, 66, 69, 70, 82, 83, 389, 484, 486, 73, 74, 77, 78, 131, 277, 332, 122, 305, 362, 117, 118, 127, 128, 279, 335, 391, 479, 511, 67, 68, 413], [63, 64, 65, 66, 82, 83, 84, 85, 87, 131, 132, 144, 145, 286, 501, 502, 511, 517, 484, 496, 11, 117, 138, 342, 398, 439, 489, 495, 118, 12, 249, 516, 332], [63, 64, 65, 66, 78, 82, 83, 84, 85, 87, 97, 144, 249, 286, 342, 398, 484, 502, 77, 186, 187, 332, 496, 145, 164, 315, 371, 60, 165, 188, 189, 394, 396, 424, 517, 59, 70], [11, 12, 87, 127, 128, 138, 139, 144, 145, 248, 249, 481, 496, 502, 517, 84, 59, 60, 63, 64, 67, 68, 69, 82, 83, 85, 62, 66, 73, 78, 61, 65, 70, 77, 74, 117, 118, 277, 279, 332, 335, 389, 391, 479, 511, 305, 362, 413], [62, 63, 64, 77, 78, 82, 83, 84, 85, 87, 144, 145, 164, 186, 187, 189, 249, 274, 286, 315, 342, 398, 476, 165, 248, 386, 502, 188, 284, 394, 396, 424, 261, 282, 329, 369, 501, 439, 220, 466, 316, 372, 517, 332, 371], [11, 12, 63, 64, 65, 66, 82, 83, 84, 85, 87, 144, 145, 286, 342, 398, 496, 502, 517, 73, 74, 484, 501, 61, 62, 77, 96, 97, 249, 335, 439, 117, 186, 187, 332, 78, 495, 131, 391, 516], [63, 64, 65, 66, 87, 118, 127, 138, 139, 144, 145, 248, 481, 483, 496, 502, 511, 517, 11, 12, 68, 69, 70, 74, 84, 85, 128, 249, 389, 479, 489, 495, 501, 516, 73, 60, 61, 62, 77, 78, 59, 484, 82, 117, 277, 279, 332, 335, 391]],