{"rp_ids": ["rp_0", "rp_1", "rp_2", "rp_3", "rp_4", "rp_5", "rp_6", "rp_7", "rp_8", "rp_9", "rp_10", "rp_11", "rp_12", "rp_13", "rp_14", "rp_15", "rp_16"], "coords": [[0.8941449176967441, 34.9657791051536], [-23.572263263495035, -20.142298452472417], [44.89199100282381, 26.08160718918048], [0.2532645764381276, -53.02687062210206], [18.171542353018985, 18.333797052502632], [-3.333702183384614, 52.89441554179462], [-47.74635764505809, -27.30954832408358], [-6.498101041609962, -29.98815766300233], [-12.336557647856353, -20.649302944540977], [4.1556276478674645, 26.941438229754567], [4.239682354507932, 10.004837055504321], [-7.424490979584334, -10.64303628106912], [25.986844885663853, 20.5887881938038], [-36.03249438034467, -23.22460906922209], [-1.8488867983132877, -41.743876757100224], [-1.279757647688171, 42.55003218876349], [35.104305174466155, 22.710218848230745]], "ap_ids": [[27, 28, 33, 34, 35, 36, 41, 51, 52, 57, 58, 75, 76, 161, 162, 224, 320, 452, 31, 267, 32, 350, 336, 346, 379, 402, 272, 289, 294, 285, 376, 384, 383, 401, 404, 359, 48, 290, 341, 42, 410, 322, 345, 268, 47, 397, 280, 142, 271, 281, 337, 409, 154, 265, 143, 299, 323, 392], [7, 14, 23, 24, 29, 30, 39, 40, 41, 42, 47, 48, 53, 54, 81, 155, 156, 225, 253, 13, 80, 25, 26, 31, 154, 401, 323, 376, 380, 9, 270, 299, 328, 345, 46, 319, 45, 346, 20, 268, 289, 290, 300, 350, 356, 273, 264, 410, 272, 384, 404, 355, 280, 294, 434, 224, 409], [27, 28, 31, 34, 35, 36, 43, 51, 52, 57, 58, 161, 162, 33, 143, 151, 248, 294, 323, 452, 32, 404, 24, 155, 142, 150, 172, 173, 18, 268, 8, 17, 224, 75, 44, 76, 345, 350, 401, 156, 380, 192, 29, 30, 289], [7, 13, 23, 24, 29, 30, 39, 40, 45, 46, 53, 54, 155, 156, 225, 253, 42, 14, 184, 185, 41, 123, 166, 167, 80, 434, 35, 36, 124], [25, 27, 28, 32, 33, 34, 35, 36, 51, 52, 57, 58, 75, 76, 156, 161, 162, 173, 224, 452, 31, 294, 346, 350, 172, 289, 404, 272, 384, 45, 43, 401, 26, 44, 142, 155, 143, 402, 327, 380, 19, 268, 281, 337, 377, 42, 409, 345], [27, 28, 31, 32, 33, 34, 75, 76, 161, 162, 224, 336, 345, 383, 392, 404, 452, 51, 350, 294, 327, 47, 58, 401, 52, 323, 410, 322, 379, 402, 267, 290, 352, 289, 280, 43, 268, 325, 380, 270, 44, 359, 57, 382, 35, 384, 515, 346, 36, 326, 500, 355, 409, 42, 299, 356, 358, 41, 271, 272, 142, 143, 17, 337], [23, 39, 40, 41, 42, 47, 48, 80, 81, 154, 155, 156, 225, 253, 294, 376, 392, 24, 264, 319, 346, 350, 380, 323, 268, 336, 384, 410, 30, 355, 29, 272, 356, 404, 290, 299, 300, 397, 7, 382, 409, 46, 45, 280, 324, 270, 401, 345, 285, 341, 43, 328, 434, 302, 273, 385, 452], [7, 13, 14, 23, 24, 29, 30, 39, 40, 41, 46, 53, 54, 80, 81, 155, 156, 253, 42, 45, 154, 27, 224, 225, 47, 26, 25, 48, 9, 380, 294, 401, 404, 350, 28, 323, 327, 272, 35, 72, 384, 434, 161], [7, 13, 14, 23, 24, 25, 26, 30, 39, 40, 54, 80, 81, 155, 156, 161, 253, 323, 9, 29, 41, 42, 72, 327, 53, 71, 225, 19, 20, 350, 384, 45, 48, 376, 47, 434, 380], [27, 28, 32, 33, 34, 35, 36, 51, 52, 58, 75, 161, 162, 224, 294, 452, 57, 76, 31, 393, 47, 143, 346, 379, 392, 401, 336, 385, 25, 26, 350, 404, 289, 322, 142, 357, 345, 380, 268, 280, 384, 42, 48, 154, 272, 281, 337, 409, 41, 299, 323, 327, 44, 156, 172, 173, 43], [25, 26, 27, 28, 51, 71, 72, 155, 156, 161, 162, 268, 320, 336, 404, 452, 19, 20, 280, 289, 346, 350, 380, 33, 359, 410, 34, 52, 224, 323, 345, 294, 348, 411, 290, 322, 379, 377, 402, 50, 356, 49, 267, 376, 355, 392, 319, 309, 401, 385, 273, 302, 384, 9, 328, 36], [9, 13, 14, 25, 26, 40, 71, 72, 155, 156, 264, 290, 319, 355, 376, 19, 20, 225, 253, 289, 294, 350, 380, 401, 404, 24, 31, 161, 162, 272, 327, 345, 23, 39, 49, 323, 410, 50, 268, 336, 346, 224, 384, 409, 80, 300, 359, 402, 81, 302, 33, 299, 393, 324, 154, 34, 280, 292, 381, 434, 273, 411, 452], [23, 27, 28, 32, 33, 34, 35, 36, 51, 52, 57, 58, 161, 162, 172, 173, 268, 76, 452, 31, 75, 142, 224, 289, 294, 43, 156, 24, 350, 155, 30, 41, 26, 404, 248, 17, 154, 25, 42, 143, 380, 384, 401, 44, 40, 346, 402, 272], [7, 23, 24, 25, 39, 40, 41, 42, 54, 80, 81, 154, 155, 156, 225, 253, 268, 380, 48, 264, 323, 350, 409, 294, 319, 376, 384, 14, 299, 29, 30, 355, 272, 404, 53, 290, 359, 385, 47, 327, 43, 289, 452, 224, 346, 26, 13, 392, 345, 44, 401, 434, 336], [7, 14, 23, 24, 29, 30, 39, 40, 45, 46, 53, 54, 80, 155, 156, 225, 253, 20, 35, 41, 13, 26, 27, 28, 42, 9, 25, 51, 50, 124, 81, 404, 162, 36, 52, 169, 161, 434], [27, 28, 31, 32, 33, 34, 75, 76, 161, 162, 224, 452, 51, 52, 323, 345, 350, 268, 280, 58, 379, 290, 294, 376, 404, 393, 401, 402, 57, 380, 267, 322, 289, 346, 281, 337, 48, 271, 272, 325, 326, 327, 336, 383, 384, 35, 44, 409], [27, 28, 34, 35, 36, 51, 52, 57, 58, 143, 161, 162, 294, 29, 150, 33, 75, 155, 224, 248, 404, 76, 142, 30, 173, 452, 31, 151, 156, 172, 32, 380, 289, 17, 43, 44, 323]],