{"rp_ids": ["rp_0", "rp_1", "rp_2", "rp_3", "rp_4", "rp_5", "rp_6", "rp_7", "rp_8", "rp_9", "rp_10", "rp_11", "rp_12", "rp_13", "rp_14"], "coords": [[-17.177890780607587, -20.69039848468066], [3.4470009912683963, 35.09649202041328], [49.471102553193305, 26.878973269136623], [0.5464509908988475, -43.770291314149894], [21.089139879707343, 19.66953091033631], [-32.32540900810218, -22.868857980892063], [-0.5293061512572551, 51.49795630760491], [-1.4727156748737495, -8.80049131376048], [-3.5388621230876214, -30.93694568538397], [7.518579563107648, 27.680927736152494], [31.431075666686457, 22.7091004636816], [5.408750991983652, 8.601792020723224], [1.6180099668238956, 42.83754842962401], [3.065510990931034, -53.933777981624004], [-42.794724008353114, -26.331132980063558]], "ap_ids": [[7, 13, 14, 23, 24, 53, 54, 71, 72, 80, 81, 155, 156, 225, 253, 40, 268, 39, 41, 350, 26, 9, 33, 272, 452, 161, 323, 380, 290, 224, 25, 327, 42, 162, 404, 434, 30, 345, 402, 447, 392], [27, 28, 33, 34, 51, 52, 57, 58, 75, 76, 161, 162, 224, 452, 289, 350, 36, 35, 401, 404, 382, 426, 265, 268, 272, 320, 327, 336, 345, 26, 323, 383, 459, 39, 294], [27, 28, 30, 36, 57, 58, 75, 76, 33, 34, 35, 150, 151, 8, 161, 162, 173, 248, 29, 350, 289, 404, 345, 43, 172, 294, 401, 18, 44, 251, 268, 380, 51, 52, 452, 155, 156], [7, 13, 23, 24, 29, 30, 53, 54, 80, 81, 155, 156, 225, 253, 443, 14, 35, 36, 39, 40, 167, 123, 185, 434, 166, 184, 447], [25, 28, 33, 51, 52, 57, 58, 71, 72, 75, 76, 161, 162, 27, 34, 35, 36, 452, 224, 155, 156, 32, 294, 172, 173, 345, 350, 401, 346], [7, 13, 24, 39, 40, 42, 53, 54, 80, 81, 155, 156, 225, 253, 380, 23, 41, 268, 14, 264, 319, 323, 350, 376, 392, 294, 336, 300, 154, 327, 401, 290, 404, 384, 289, 224, 272, 31, 280, 161, 162, 328, 434, 452, 345, 409, 33, 270, 355], [31, 33, 34, 57, 58, 75, 76, 272, 17, 27, 28, 224, 18, 384, 392, 32, 162, 300, 380, 356, 51, 350, 404, 452, 161, 268, 273, 346, 289, 336, 459, 280, 323, 281, 345, 354, 402, 410, 500, 515], [19, 20, 25, 26, 50, 71, 72, 161, 162, 280, 323, 380, 402, 13, 54, 155, 156, 268, 289, 345, 350, 401, 452, 80, 81, 294, 327, 346, 7, 57, 404, 14, 272, 290, 58, 224, 336, 392, 409, 9, 384, 39, 53, 337, 434, 447, 33, 154, 34, 35, 36, 51, 52, 75, 377, 40, 41, 225, 253, 299, 300, 302, 355, 356, 359, 410, 411], [7, 13, 14, 23, 24, 39, 41, 53, 54, 80, 81, 155, 156, 225, 253, 40, 71, 72, 443, 30, 42, 29, 268, 25, 48, 434, 447, 36, 26], [27, 28, 33, 34, 51, 52, 57, 58, 75, 76, 161, 162, 224, 452, 426, 294, 327, 39, 71, 404, 72, 350, 35, 36, 43, 402, 272, 346], [27, 28, 35, 36, 51, 57, 58, 75, 76, 161, 162, 173, 30, 33, 34, 52, 103, 452, 172, 224, 29, 104, 150, 155, 156], [25, 57, 58, 71, 72, 75, 161, 162, 26, 281, 300, 323, 76, 393, 452, 52, 290, 410, 19, 20, 154, 268, 272, 346, 327, 337, 380], [27, 33, 34, 52, 57, 58, 75, 76, 224, 289, 162, 28, 161, 346, 32, 350, 401, 452, 51, 31, 327, 336, 384, 294, 404, 380, 402, 345, 382, 459, 323, 272, 268, 280, 299], [7, 23, 24, 53, 54, 81, 155, 156, 225, 443, 29, 30, 80, 166, 167, 253, 35, 39, 13, 14, 36, 40, 123, 185, 434, 447, 184], [7, 39, 40, 53, 54, 80, 81, 155, 156, 380, 23, 452, 323, 42, 300, 402, 410, 268, 290, 350, 404, 41, 154, 345, 24, 272, 346, 294, 385, 270, 13, 382, 384, 34, 289, 325, 401, 434, 224, 280, 356, 392, 33, 225, 253, 355, 25]], "rssi": [[-78.43589743589743, -77.61842105263158, -77.12, -87.88571428571429, -88.05714285714286, -73.30379746835443, -72.49367088607595, -84.68, -85.04, -60.55696202531646, -60.734177215189874, -65.29113924050633, -64.97402597402598, -77.57142857142857, -78.1025641025641, -81.05084745762711, -85.36842105263158, -79.15625, -84.0, -91.0, -82.72727272727273, -91.61538461538461, -92.0, -93.5, -91.0, -86.0, -88.33333333333333, -93.0, -92.0, -95.0, -83.5, -93.0, -79.23809523809524, -83.0, -82.18181818181819, -54.075, -90.0, -82.5, -83.0, -74.6, -87.0], [-78.76470588235294, -79.55555555555556, -76.88571428571429, -76.09677419354838, -76.93333333333334, -78.0, -71.5, -71.22222222222223, -52.86842105263158, -52.81578947368421, -72.85714285714286, -73.12121212121212, -68.83333333333333, -68.51515151515152, -91.0, -94.0, -93.0, -90.5, -87.0, -83.66666666666667, -95.0, -95.0, -83.0, -83.0, -78.0, -87.0, -80.4, -84.0, -78.0, -89.0, -83.0, -89.0, -75.0, -87.0, -88.0], [-86.6, -85.44736842105263, -87.57142857142857, -87.12903225806451, -64.525, -64.45, -84.17543859649123, -84.0701754385965, -86.46341463414635, -86.46341463414635, -88.25806451612904, -90.85714285714286, -90.45454545454545, -91.29411764705883, -88.95833333333333, -88.72340425531915, -83.0909090909091, -92.66666666666667, -87.84615384615384, -92.33333333333333, -92.0, -93.0, -91.33333333333333, -89.71428571428571, -86.36363636363636, -89.4, -91.5, -91.0, -88.9090909090909, -92.0, -88.0, -90.0, -85.0, -89.33333333333333, -89.0, -87.66666666666667, -87.66666666666667], [-55.0, -87.57894736842105, -77.73333333333333, -77.56666666666666, -86.93333333333334, -87.35897435897436, -45.46666666666667, -45.416666666666664, -76.91525423728814, -76.94827586206897, -82.91071428571429, -83.05263157894737, -83.16666666666667, -83.10169491525424, -86.78260869565217, -85.82142857142857, -89.0, -88.33333333333333, -86.25, -89.7741935483871, -90.0, -89.81818181818181, -90.66666666666667, -78.93333333333334, -89.0, -90.0, -71.9], [-92.0, -81.71428571428571, -81.73333333333333, -77.27586206896552, -78.02352941176471, -66.36, -66.18, -74.18181818181819, -77.07692307692308, -66.96511627906976, -66.77906976744185, -66.66666666666667, -66.81111111111112, -81.85106382978724, -81.83116883116882, -87.9375, -88.82608695652173, -81.96969696969697, -79.57894736842105, -94.0, -95.0, -90.0, -95.0, -79.0, -82.66666666666667, -89.36363636363636, -88.0, -90.0, -89.0], [-81.70833333333333, -85.62857142857143, -85.92307692307692, -71.79591836734694, -72.21428571428571, -81.75, -78.75257731958763, -78.82291666666667, -46.5, -46.5, -75.94897959183673, -75.5360824742268, -84.03389830508475, -84.37704918032787, -88.0, -86.03703703703704, -83.35, -84.05714285714286, -85.58974358974359, -90.25, -91.2, -88.52380952380952, -90.3125, -91.375, -88.625, -92.0, -91.0, -88.7, -84.85, -93.0, -92.75, -91.53846153846153, -90.38461538461539, -91.0, -89.0, -86.33333333333333, -94.0, -95.0, -89.0, -86.0, -86.0, -89.0, -63.98, -87.2, -85.0, -87.0, -90.0, -91.0, -90.0], [-87.33333333333333, -68.79411764705883, -68.69565217391305, -83.55555555555556, -83.91666666666667, -50.34285714285714, -50.214285714285715, -90.0, -95.0, -94.0, -94.0, -80.04255319148936, -93.0, -87.0, -91.0, -88.23076923076923, -82.77272727272727, -93.5, -83.66666666666667, -91.0, -92.0, -87.72727272727273, -86.0909090909091, -83.81818181818181, -83.42857142857143, -88.0, -83.0, -82.9090909090909, -83.0, -90.0, -87.5625, -86.0, -84.77777777777777, -85.0, -85.0, -88.0, -80.0, -84.0, -86.0, -88.0], [-84.0, -86.0, -72.62745098039215, -74.86440677966101, -94.0, -63.86666666666667, -64.1, -61.76923076923077, -63.57142857142857, -86.5, -86.24, -87.30434782608695, -88.875, -88.71428571428571, -88.33333333333333, -83.86363636363636, -83.6590909090909, -84.78125, -85.16129032258064, -80.4, -85.75, -85.95238095238095, -78.48, -82.8, -84.34615384615384, -87.3, -85.33333333333333, -89.57894736842105, -93.0, -92.0, -89.0909090909091, -88.66666666666667, -91.0, -86.75, -93.0, -69.58333333333333, -88.0, -89.8, -87.0, -88.5, -91.5, -91.0, -89.11764705882354, -88.0, -74.35, -84.75, -70.73333333333333, -86.0, -64.0909090909091, -82.7, -82.85714285714286, -70.0, -70.0, -83.28571428571429, -87.0, -81.0, -89.0, -83.0, -83.0, -81.0, -80.0, -84.0, -81.0, -79.0, -84.0, -83.0, -84.0], [-67.14516129032258, -75.38461538461539, -76.02586206896552, -87.47272727272727, -87.3921568627451, -81.78217821782178, -82.46153846153847, -61.71311475409836, -61.74590163934426, -67.64754098360656, -67.86065573770492, -70.72131147540983, -70.65573770491804, -77.23140495867769, -77.62809917355372, -82.70370370370371, -90.66666666666667, -89.625, -92.75, -87.325, -79.76190476190476, -87.33333333333333, -95.0, 