{"rp_ids": ["rp_0", "rp_1", "rp_2", "rp_3", "rp_4", "rp_5", "rp_6", "rp_7", "rp_8", "rp_9", "rp_10", "rp_11"], "coords": [[62.71587273683193, -17.05081872785146], [-39.35587766941438, 43.568483817467126], [-37.63157846195136, 1.4385918449771442], [34.166708809076226, -40.77703098859638], [21.307687608442127, -28.96743287739581], [30.480058808563626, -74.59926431781302], [-67.99802803346431, -12.336525723191077], [-17.363622424514443, -3.1676238933578134], [-43.215535706458894, 27.611616579126324], [74.02816297545948, 0.3445233451202512], [10.130175737416721, -16.969865324907005], [-27.75662451903437, 56.099945056731144]], "ap_ids": [[11, 12, 107, 113, 114, 115, 116, 144, 145, 147, 176, 177, 180, 181, 222, 223, 248, 478, 503, 108, 141, 146, 164, 165, 131, 132, 186, 187, 102, 174, 175, 188, 189, 316, 396, 37, 38, 191, 192, 140, 432, 122], [90, 91, 168, 169, 172, 173, 191, 192, 222, 223, 248, 103, 183, 182, 104, 380, 323, 268, 142, 106, 125, 143, 29, 126, 105, 37, 38, 36, 322], [15, 16, 90, 91, 168, 169, 171, 182, 183, 119, 170, 191, 268, 185, 192, 184, 120, 323, 380, 166, 167, 248, 10, 222, 223, 21, 22, 178, 45, 46, 143, 172, 142, 173], [115, 116, 164, 165, 174, 176, 177, 180, 181, 186, 187, 284, 340, 113, 114, 145, 175, 372, 405, 478, 351, 310, 248], [16, 15, 223, 262, 256, 257, 317, 400, 164, 310, 312, 367, 368, 222, 366, 288, 344, 179, 181, 334, 21, 22, 374, 37, 178, 390, 255, 311, 259, 10, 188, 314], [10, 15, 16, 111, 112, 164, 165, 174, 175, 186, 187, 188, 189, 257, 259, 262, 263, 278, 288, 311, 312, 314, 317, 368, 374, 400, 405, 78, 82, 83, 84, 85, 110, 258, 284, 371, 398, 439, 286, 342, 109, 176, 177, 180, 149, 367, 115, 116, 181, 77, 375, 370, 372, 261], [16, 123, 124, 166, 167, 171, 182, 183, 184, 185, 119, 120, 168, 169, 170, 149, 15, 191, 192, 137, 136, 148, 45, 46, 308, 415, 364], [15, 16, 37, 38, 168, 169, 178, 179, 180, 222, 223, 248, 91, 182, 90, 172, 183, 89, 170, 173, 171, 88, 192, 108, 176, 191], [90, 91, 166, 167, 168, 169, 172, 173, 183, 185, 191, 192, 182, 222, 223, 105, 106, 142, 184, 248, 323, 380, 170, 171, 38, 268, 120], [113, 114, 115, 116, 146, 147, 176, 177, 180, 181, 223, 248, 478, 503, 55, 56, 86, 222, 144, 145, 413, 362], [15, 16, 37, 38, 102, 116, 178, 179, 222, 223, 165, 288, 344, 374, 177, 310, 311, 334, 366, 368, 390, 400, 255, 262, 317, 318, 370, 113, 367, 314, 278, 101, 107, 146, 176, 375, 248], [168, 169, 172, 173, 191, 192, 222, 223, 248, 91, 90, 182, 183, 208, 209]], "rssi": [[-89.98214285714286, -86.91891891891892, -87.95555555555555, -74.33125, -74.40384615384616, -81.09375, -80.69753086419753, -86.63492063492063, -86.41666666666667, -88.29166666666667, -62.951219512195124, -63.01219512195122, -63.33536585365854, -63.49390243902439, -83.8695652173913, -84.65306122448979, -84.80882352941177, -79.74809160305344, -78.37623762376238, -88.57575757575758, -90.0, -83.96296296296296, -77.76923076923077, -77.08333333333333, -90.42857142857143, -90.18181818181819, -84.34375, -85.22222222222223, -89.0, -85.2, -85.0, -84.0, -85.0, -89.0, -88.0, -90.1, -92.35714285714286, -91.0, -91.0, -88.0, -88.0, -89.0], [-85.79166666666667, -86.0958904109589, -70.78571428571429, -71.87755102040816, -81.30526315789474, -81.22448979591837, -64.15306122448979, -64.90816326530613, -92.94339622641509, -93.0, -88.47826086956522, -95.36842105263158, -93.29411764705883, -93.94444444444444, -95.0, -93.14285714285714, -93.71428571428571, -93.83333333333333, -94.2, -93.83333333333333, -94.0, -94.125, -97.0, -94.5, -95.5, -95.5, -96.0, -95.0, -97.0], [-94.20689655172414, -93.80555555555556, -89.8076923076923, -89.38235294117646, -80.56363636363636, -79.82692307692308, -90.23076923076923, -82.4090909090909, -83.25531914893617, -96.1, -90.16129032258064, -90.74193548387096, -86.83333333333333, -89.12121212121212, -90.53125, -89.26923076923077, -96.57142857142857, -89.11111111111111, -89.625, -93.4, -93.38461538461539, -92.84, -96.4, -93.0, -93.46666666666667, -96.0, -95.5, -97.0, -93.42857142857143, -94.125, -93.0, -94.75, -95.33333333333333, -95.5], [-86.8, -89.4, -84.7, -85.8, -90.2, -87.66666666666667, -87.88888888888889, -79.9, -79.5, -87.0, -86.5, -87.0, -88.71428571428571, -92.6, -75.0, -90.0, -91.2, -94.0, -91.0, -83.0, -94.0, -94.0, -91.0], [-88.38297872340425, -88.6938775510204, -94.86666666666666, -89.375, -95.9, -93.64285714285714, -87.72727272727273, -89.75, -99.0, -94.75, -92.28571428571429, -95.77777777777777, -93.9090909090909, -94.52941176470588, -95.42857142857143, -90.55555555555556, -90.71428571428571, -97.66666666666667, -99.0, -98.5, -91.0, -91.33333333333333, -88.33333333333333, -98.0, -97.6, -97.5, -94.6, -95.0, -97.0, -97.0, -95.0, -96.0], [-84.4, -86.53333333333333, -86.67647058823529, -83.5, -86.42857142857143, -57.11666666666667, -57.266666666666666, -76.8, -77.11666666666666, -52.833333333333336, -53.06666666666667, -71.25, -71.05, -77.76470588235294, -84.0, -83.92857142857143, -84.66666666666667, -87.0, -85.0, -82.15384615384616, -80.0, -84.0, -85.63157894736842, -77.42857142857143, -86.72727272727273, -85.5, -89.55555555555556, -90.0, -86.38095238095238, -88.4, -81.70833333333333, -84.23076923076923, -84.0, -86.0, -89.4, -88.0, -89.0, -82.64285714285714, -86.4, -88.0, -88.88888888888889, -91.8, -89.81818181818181, -87.64285714285714, -87.0, -88.0, -87.0, -86.0, -86.25, -90.0, -88.0, -94.0, -92.0, -90.0], [-96.71428571428571, -93.47368421052632, -93.76, -79.82666666666667, -79.78947368421052, -77.6896551724138, -62.03947368421053, -62.76315789473684, -62.81578947368421, -63.81578947368421, -86.225, -86.025, -93.55555555555556, -94.0, -77.65573770491804, -95.5, -96.0, -95.8, -95.2, -98.0, -101.0, -92.83333333333333, -92.42857142857143, -91.66666666666667, -97.0, -97.33333333333333, -95.0], [-86.14432989690722, -86.12765957446808, -88.32, -88.53571428571429, -92.40384615384616, -91.16666666666667, -89.98305084745763, -89.46031746031746, -96.0, -86.48484848484848, -86.77272727272727, -90.97058823529412, -95.16666666666667, -95.5, -95.0, -98.0, -96.33333333333333, -89.5, -98.0, -98.0, -97.0, -91.0, -94.77777777777777, -93.0, -95.0, -93.0], [-76.33766233766234, -77.12987012987013, -96.2, -96.14285714285714, -61.03896103896104, -61.116883116883116, -87.89393939393939, -87.82432432432432, -90.27272727272727, -93.0952380952381, -74.74025974025975, -74.75324675324676, -90.29729729729729, -95.15384615384616, -94.2, -90.25, -90.82222222222222, -93.4, -92.44444444444444, -88.23809523809524, -94.6, -93.4, -90.375, -93.83333333333333, -97.5, -93.57142857142857, -97.0], [-77.10666666666667, -77.35616438356165, -86.1923076923077, -86.16666666666667, -85.82352941176471, -84.5, -52.583333333333336, -52.42857142857143, -71.07142857142857, -71.03571428571429, -90.17857142857143, -78.55737704918033, -84.57692307692308, -89.94444444444444, -91.0, -90.0, -89.0, -90.62068965517241, -91.0, -90.625, -91.8, -91.0], [-78.1, -78.1025641025641, -83.36666666666666, -82.96551724137932, -97.0, -92.0, -91.03571428571429, -90.88, -79.85714285714286, -80.51724137931035, -96.5, -94.0, -93.0, -93.0, -92.33333333333333, -96.33333333333333, -96.0, -96.0, -95.66666666666667, -97.0, -97.0, -96.0, -95.33333333333333, -94.33333333333333, -94.66666666666667, -97.5, -98.0, -96.0, -97.0, -99.0, -99.5, -97.5, -97.0, -98.0, -91.0, -96.0, -93.33333333333333], [-81.62857142857143, -81.47142857142858, -87.77777777777777, -88.09836065573771, -67.92857142857143, -68.01428571428572, -92.06060606060606, -92.3030303030303, -88.62162162162163, -97.22222222222223, -96.4, -93.26666666666667, -93.33333333333333, -93.71428571428571, -94.57142857142857]],