{"rp_ids": ["rp_0", "rp_1", "rp_2", "rp_3", "rp_4", "rp_5", "rp_6", "rp_7", "rp_8", "rp_9", "rp_10", "rp_11"], "coords": [[62.71587273683193, -17.05081872785146], [-43.86116520992073, 3.136896690167487], [30.211769752888358, -37.02492081280798], [-30.975295600356002, 55.23789455853402], [-25.871173225232244, -2.8256276066486654], [36.938258808790124, -62.9416309883818], [-68.178166191341, -12.660255986265838], [-40.50852007135644, 34.66457012105459], [74.02816297545948, 0.3445233451202512], [-7.326368968249881, -1.265175428551932], [15.692798200008712, -22.929638727482452], [27.250958808450378, -80.42808098252863]], "ap_ids": [[11, 12, 107, 113, 114, 115, 116, 144, 145, 147, 176, 177, 180, 181, 222, 223, 248, 478, 503, 108, 141, 146, 164, 165, 131, 132, 186, 187, 102, 174, 175, 188, 189, 316, 396, 37, 38, 191, 192, 140, 432, 122], [168, 169, 171, 182, 183, 90, 91, 170, 268, 185, 191, 192, 323, 380, 184, 119, 120, 166, 248, 16, 45, 46, 143, 167, 172, 15, 173, 142], [115, 116, 164, 165, 174, 176, 177, 180, 181, 186, 187, 284, 340, 113, 114, 145, 175, 372, 405, 478, 351, 310, 248, 15, 16, 317, 400, 257, 262, 288, 344, 374, 368, 366, 311, 312, 255, 188], [168, 169, 172, 173, 191, 192, 222, 223, 248, 90, 91, 182, 183, 103, 104, 208, 209], [15, 16, 168, 178, 169, 179, 223, 248, 222, 182, 183, 22, 90, 91, 192, 191], [109, 110, 164, 165, 174, 175, 176, 177, 180, 186, 187, 188, 189, 115, 116, 181, 284, 82, 83, 85, 112, 15, 16, 84], [123, 124, 166, 167, 171, 182, 183, 184, 185, 119, 120, 168, 170, 169, 16, 191, 192, 148, 45, 46, 15, 149, 364], [90, 91, 168, 169, 172, 173, 183, 185, 191, 192, 182, 222, 105, 106, 142, 248, 323, 103, 170, 171, 380, 104, 223, 184, 167, 166, 125, 143, 268, 126, 37, 36], [113, 114, 115, 116, 146, 147, 176, 177, 180, 181, 223, 248, 478, 503, 55, 56, 86, 222, 144, 145, 413, 362], [15, 16, 37, 38, 168, 169, 178, 179, 222, 223, 248, 89, 91, 88, 108, 176], [15, 16, 37, 38, 116, 178, 179, 222, 223, 288, 344, 374, 256, 257, 312, 367, 368, 177, 310, 366, 21, 22, 255, 262, 311, 176, 317, 400, 248], [10, 15, 16, 111, 112, 164, 165, 174, 175, 186, 187, 188, 189, 257, 259, 262, 263, 278, 288, 311, 312, 314, 317, 368, 374, 400, 405, 78, 82, 83, 84, 85, 110, 258, 284, 371, 398, 439, 286, 342, 149, 367, 109, 176, 177, 180, 77, 375, 370, 372, 261]], "rssi": [[-89.98214285714286, -86.91891891891892, -87.95555555555555, -74.33125, -74.40384615384616, -81.09375, -80.69753086419753, -86.63492063492063, -86.41666666666667, -88.29166666666667, -62.951219512195124, -63.01219512195122, -63.33536585365854, -63.49390243902439, -83.8695652173913, -84.65306122448979, -84.80882352941177, -79.74809160305344, -78.37623762376238, -88.57575757575758, -90.0, -83.96296296296296, -77.76923076923077, -77.08333333333333, -90.42857142857143, -90.18181818181819, -84.34375, -85.22222222222223, -89.0, -85.2, -85.0, -84.0, -85.0, -89.0, -88.0, -90.1, -92.35714285714286, -91.0, -91.0, -88.0, -88.0, -89.0], [-76.72093023255815, -76.28571428571429, -88.66666666666667, -82.16279069767442, -82.04761904761905, -88.19047619047619, -87.55555555555556, -88.32, -86.83333333333333, -87.15384615384616, -89.5925925925926, -89.75862068965517, -89.11111111111111, -89.625, -87.05, -94.8, -95.0, -91.5, -90.625, -91.88888888888889, -92.83333333333333, -93.33333333333333, -93.0, -91.22222222222223, -94.0, -91.66666666666667, -94.5, -94.5], [-86.8, -89.4, -84.7, -85.8, -90.2, -87.66666666666667, -87.88888888888889, -79.9, -79.5, -87.0, -86.5, -87.0, -88.71428571428571, -92.6, -75.0, -90.0, -91.2, -94.0, -91.0, -83.0, -94.0, -93.25, -91.0, -86.9, -86.3, -86.7, -89.0, -93.0, -86.83333333333333, -89.42857142857143, -88.25, -88.33333333333333, -94.5, -93.66666666666667, -93.0, -92.0, -93.5, -95.0], [-81.18888888888888, -81.07777777777778, -86.95774647887323, -86.70666666666666, -66.9888888888889, -67.03333333333333, -91.66666666666667, -91.86666666666666, -88.30555555555556, -94.4, -94.6, -93.07142857142857, -93.0, -92.625, -92.375, -93.71428571428571, -94.0], [-91.1891891891892, -91.44736842105263, -91.52272727272727, -91.6086956521739, -90.84210526315789, -91.96774193548387, -92.71428571428571, -91.1470588235294, -92.27027027027027, -94.0, -91.66666666666667, -95.0, -93.0, -93.33333333333333, -94.0, -93.0], [-89.375, -86.08333333333333, -49.3, -49.45, -67.35, -67.7, -92.0, -90.1, -87.3076923076923, -60.9, -60.6, -77.15, -76.8, -87.0, -86.0, -86.25, -87.0, -88.0, -88.0, -88.0, -90.0, -91.0, -91.0, -92.0], [-93.47368421052632, -93.19047619047619, -79.82666666666667, -79.78947368421052, -76.67272727272727, -62.03947368421053, -62.76315789473684, -62.81578947368421, -63.81578947368421, -86.225, -86.025, -93.0, -75.98214285714286, -92.6, -95.0, -93.0, -93.0, -92.83333333333333, -91.5, -91.66666666666667, -95.0, -93.66666666666667, -94.5], [-80.56164383561644, -80.83333333333333, -64.8, -65.52258064516128, -83.32608695652173, -83.65333333333334, -90.6842105263158, -90.46153846153847, -69.47096774193548, -69.96774193548387, -90.6875, -91.85714285714286, -90.125, -90.17777777777778, -93.25, -87.525, -93.4, -94.5, -90.375, -91.71428571428571, -92.7, -93.66666666666667, -91.64444444444445, -91.75, -94.42857142857143, -93.0, -94.0, -93.5, -92.7, -94.5, -95.0, -95.0], [-77.10666666666667, -77.35616438356165, -86.1923076923077, -86.16666666666667, -85.82352941176471, -84.5, -52.583333333333336, -52.42857142857143, -71.07142857142857, -71.03571428571429, -90.17857142857143, -78.55737704918033, -84.57692307692308, -89.94444444444444, -91.0, -90.0, -89.0, -90.62068965517241, -91.0, -90.625, -91.8, -91.0], [-78.19444444444444, -78.33333333333333, -88.32, -87.84615384615384, -94.7, -92.57142857142857, -87.17241379310344, -85.71428571428571, -80.94444444444444, -80.62857142857143, -92.0, -89.5, -95.0, -91.0, -93.0, -95.0], [-83.55696202531645, -83.38157894736842, -83.36666666666666, -82.96551724137932, -92.0, -90.61538461538461, -90.0909090909091, -84.05, -84.3, -94.16666666666667, -93.75, -93.0, -94.5, -92.16666666666667, -92.33333333333333, -94.25, -92.85714285714286, -92.33333333333333, -94.0, -94.0, -91.0, -91.33333333333333, -94.66666666666667, -94.33333333333333, -95.0, -91.0, -94.0, -92.0, -93.33333333333333], [-84.4, -85.84615384615384, -86.1, -83.5, -86.25, -61.025, -61.175, -81.525, -81.825, -48.8, -49.3, -68.3, -68.175, -77.76470588235294, -84.0, -83.92857142857143, -84.66666666666667, -87.0, -85.0, -82.15384615384616, -80.0, -84.0, -85.63157894736842, -77.42857142857143, -86.72727272727273, -85.5, -89.55555555555556, -90.0, -86.3, -88.42105263157895, -79.65, -84.08, -80.875, -86.0, -90.0, -88.0, -89.0, -82.64285714285714, -86.4, -88.0, -87.0, -88.0, -85.0, -90.0, -87.0, -92.0, -90.0, -88.0, -94.0, -92.0, -90.0]],