{"rp_ids": ["rp_0", "rp_1", "rp_2", "rp_3", "rp_4", "rp_5", "rp_6", "rp_7", "rp_8", "rp_9", "rp_10", "rp_11", "rp_12", "rp_13", "rp_14"], "coords": [[-17.177890780607587, -20.69039848468066], [3.4470009912683963, 35.09649202041328], [49.471102553193305, 26.878973269136623], [0.5464509908988475, -43.770291314149894], [21.089139879707343, 19.66953091033631], [-32.32540900810218, -22.868857980892063], [-0.5293061512572551, 51.49795630760491], [-1.4727156748737495, -8.80049131376048], [-3.5388621230876214, -30.93694568538397], [7.518579563107648, 27.680927736152494], [31.431075666686457, 22.7091004636816], [5.408750991983652, 8.601792020723224], [1.6180099668238956, 42.83754842962401], [3.065510990931034, -53.933777981624004], [-42.794724008353114, -26.331132980063558]], "ap_ids": [[7, 13, 14, 23, 24, 53, 54, 71, 72, 80, 81, 155, 156, 225, 253, 40, 268, 39, 41, 384, 350, 452, 26, 9, 29, 162, 33, 272, 161, 323, 380, 290, 345, 224, 25, 327, 42, 404, 434, 30, 402, 447, 392], [27, 28, 33, 34, 51, 52, 57, 58, 75, 76, 161, 162, 224, 452, 289, 350, 376, 36, 319, 35, 401, 294, 404, 264, 320, 382, 426, 265, 268, 272, 327, 336, 345, 26, 323, 383, 459, 39], [27, 28, 29, 30, 36, 57, 58, 75, 76, 33, 34, 35, 103, 150, 151, 8, 161, 162, 173, 248, 172, 350, 289, 401, 404, 345, 43, 44, 380, 294, 18, 251, 268, 51, 52, 452, 155, 156], [7, 13, 23, 24, 29, 30, 53, 54, 80, 81, 155, 156, 225, 253, 443, 14, 35, 36, 39, 185, 40, 167, 123, 434, 166, 184, 447], [25, 28, 33, 51, 52, 57, 58, 71, 72, 75, 76, 161, 162, 27, 34, 35, 36, 452, 224, 426, 155, 156, 31, 32, 294, 103, 172, 173, 345, 350, 401, 346], [7, 13, 24, 39, 40, 42, 53, 54, 80, 81, 155, 156, 225, 253, 380, 23, 41, 268, 14, 264, 319, 323, 350, 376, 392, 272, 294, 410, 336, 355, 300, 154, 327, 401, 290, 404, 384, 162, 452, 224, 289, 31, 34, 280, 161, 328, 434, 345, 409, 33, 270], [31, 33, 34, 57, 58, 75, 76, 272, 17, 27, 28, 224, 18, 380, 384, 392, 32, 452, 162, 300, 356, 294, 51, 350, 404, 500, 161, 379, 268, 142, 273, 346, 289, 336, 459, 280, 323, 281, 345, 354, 402, 410, 515], [19, 20, 25, 26, 50, 71, 72, 161, 162, 280, 323, 380, 402, 13, 54, 155, 156, 268, 289, 345, 350, 356, 401, 452, 80, 81, 294, 327, 346, 392, 410, 7, 57, 404, 299, 319, 14, 272, 290, 300, 58, 224, 336, 264, 409, 9, 384, 39, 53, 337, 434, 447, 33, 154, 34, 35, 36, 51, 52, 75, 377, 40, 41, 225, 253, 302, 355, 359, 411], [7, 13, 14, 23, 24, 39, 41, 53, 54, 80, 81, 155, 156, 225, 253, 40, 71, 72, 29, 443, 26, 30, 42, 380, 268, 345, 167, 25, 48, 434, 447, 36], [27, 28, 33, 34, 51, 52, 57, 58, 72, 75, 76, 161, 162, 376, 224, 452, 426, 294, 327, 39, 71, 404, 350, 268, 264, 35, 36, 142, 32, 43, 402, 272, 346], [27, 28, 30, 33, 35, 36, 51, 57, 58, 75, 76, 161, 162, 173, 34, 52, 103, 452, 172, 426, 224, 104, 29, 150, 155, 156], [25, 57, 58, 71, 72, 75, 161, 162, 294, 26, 281, 300, 323, 327, 76, 154, 393, 404, 452, 52, 290, 385, 410, 19, 337, 350, 20, 268, 272, 346, 401, 380, 273, 345, 51, 319, 328, 384], [27, 33, 34, 52, 57, 58, 75, 76, 224, 289, 162, 28, 161, 346, 32, 350, 401, 452, 51, 336, 515, 31, 327, 384, 294, 404, 380, 402, 345, 382, 459, 323, 272, 268, 280, 299], [7, 23, 24, 39, 53, 54, 81, 124, 155, 156, 225, 443, 29, 30, 40, 80, 166, 167, 253, 35, 14, 13, 36, 123, 185, 434, 447, 184], [7, 39, 40, 53, 54, 80, 81, 155, 156, 380, 23, 452, 268, 323, 350, 162, 42, 300, 402, 410, 290, 404, 24, 41, 154, 289, 345, 272, 346, 224, 294, 385, 270, 13, 34, 253, 382, 273, 376, 384, 327, 325, 401, 434, 280, 356, 392, 33, 225, 355, 25]], "rssi": [[-78.43589743589743, -77.61842105263158, -77.12, -88.35135135135135, -88.05714285714286, -73.30379746835443, -72.49367088607595, -85.92857142857143, -86.58620689655173, -60.55696202531646, -60.734177215189874, -65.29113924050633, -64.97402597402598, -77.57142857142857, -78.1025641025641, -81.3, -86.38095238095238, -79.15625, -84.0, -97.0, -91.0, -92.66666666666667, -82.72727272727273, -91.61538461538461, -96.0, -85.33333333333333, -92.0, -94.66666666666667, -87.42857142857143, -88.33333333333333, -93.0, -92.0, -84.0, -95.0, -83.5, -93.0, -79.23809523809524, -82.18181818181819, -54.075, -90.0, -83.0, -74.6, -87.0], [-78.76470588235294, -79.55555555555556, -76.88571428571429, -76.09677419354838, -76.93333333333334, -78.0, -71.5, -71.22222222222223, -52.86842105263158, -52.81578947368421, -72.85714285714286, -73.12121212121212, -68.83333333333333, -68.51515151515152, -91.0, -94.0, -97.33333333333333, -93.0, -97.0, -90.5, -87.0, -92.5, -83.66666666666667, -97.0, -88.22222222222223, -95.0, -95.0, -83.0, -83.0, -78.0, -80.4, -84.0, -78.0, -89.0, -83.0, -89.0, -75.0, -87.0], [-86.6, -85.44736842105263, -89.4375, -88.625, -87.4375, -64.525, -64.45, -84.17543859649123, -84.0701754385965, -86.46341463414635, -86.69047619047619, -88.81818181818181, -99.0, -91.53125, -90.97222222222223, -91.61111111111111, -88.95833333333333, -88.72340425531915, -86.0, -92.66666666666667, -87.25, -92.33333333333333, -92.0, -92.8, -93.0, -91.33333333333333, -89.71428571428571, -89.66666666666667, -91.5, -89.4, -91.0, -92.0, -88.0, -85.0, -89.33333333333333, -89.0, -87.66666666666667, -87.66666666666667], [-55.0, -88.52380952380952, -77.73333333333333, -77.56666666666666, -86.93333333333334, -87.6, -45.46666666666667, -45.416666666666664, -76.91525423728814, -76.94827586206897, -82.91071428571429, -83.05263157894737, -83.16666666666667, -83.10169491525424, -87.96153846153847, -86.17241379310344, -89.0, -88.33333333333333, -86.94117647058823, -91.07692307692308, -89.7741935483871, -92.33333333333333, -89.81818181818181, -78.93333333333334, -89.0, -90.0, -71.9], [-94.0, -81.71428571428571, -81.92105263157895, -77.27586206896552, -78.02352941176471, -66.36, -66.18, -76.08333333333333, -77.07692307692308, -66.96511627906976, -66.77906976744185, -66.66666666666667, -66.81111111111112, -81.85106382978724, -81.83116883116882, -88.94444444444444, -89.6923076923077, -81.96969696969697, -79.57894736842105, -97.0, -94.0, -95.0, -97.0, -90.0, -96.5, -96.0, -79.0, -82.66666666666667, -89.36363636363636, -88.0, -90.0, -89.0], [-82.3, -85.91666666666667, -86.67857142857143, -71.79591836734694, -72.21428571428571, -81.75, -78.75257731958763, -78.82291666666667, -46.5, -46.5, -75.94897959183673, -75.5360824742268, -84.42622950819673, -84.59677419354838, -88.3076923076923, -87.48387096774194, -83.35, -84.41666666666667, -86.09756097560975, -91.0, -92.0, -88.52380952380952, -90.6470588235294, -91.88888888888889, -88.625, -95.0, -92.66666666666667, -97.0, -93.0, -93.0, -89.36363636363636, -85.42857142857143, -93.0, -92.75, -91.53846153846153, -91.2, -92.0, -87.83333333333333, -87.6923076923077, -87.85714285714286, -89.0, -95.5, -98.0, -89.0, -86.0, -89.0, -63.98, -85.0, -87.0, -90.0, -91.0], [-87.33333333333333, -68.79411764705883, -68.69565217391305, -83.55555555555556, -83.91666666666667, -50.34285714285714, -50.214285714285715, -90.0, -95.0, -95.375, -94.71428571428571, -80.04255319148936, -93.0, -86.75, -87.0, -91.0, -88.23076923076923, -84.34782608695652, -82.77272727272727, -93.5, -91.0, -97.0, -92.0, -88.41666666666667, -86.0909090909091, -91.0, -83.42857142857143, -96.0, -88.0, -96.0, -83.0, -82.9090909090909, -83.0, -90.0, -87.5625, -86.0, -84.77777777777777, -85.0, -85.0, -88.0, -80.0, -84.0, -88.0], [-87.375, -87.0, -72.62745098039215, -74.86440677966101, -94.0, -63.86666666666667, -64.1, -61.76923076923077, -63.57142857142857, -87.66666666666667, -86.24, -87.30434782608695, -88.875, -88.71428571428571, -88.33333333333333, -83.86363636363636, -83.6590909090909, -85.12121212121212, -85.16129032258064, -80.4, -86.41176470588235, -87.5, -85.95238095238095, -79.15384615384616, -83.34615384615384, -84.34615384615384, -88.27272727272727, -85.33333333333333, -89.95, -91.0, -89.5, -93.0, -92.0, -89.75, -88.5, -98.0, -88.66666666666667, -93.0, -87.53846153846153, -90.66666666666667, -93.0, -69.58333333333333, -89.6, -96.0, -87.0, -88.5, -93.33333333333333, -91.0, -89.11764705882354, -88.0, -74.35, -84.75, -70.73333333333333, -86.0, -64.0909090909091, -82.7, 