{"rp_ids": ["rp_0", "rp_1", "rp_2", "rp_3", "rp_4", "rp_5", "rp_6", "rp_7", "rp_8", "rp_9", "rp_10", "rp_11", "rp_12", "rp_13", "rp_14", "rp_15"], "coords": [[-6.811650265884283, 18.424041235222457], [35.86994815257927, -19.99625559973166], [8.146299286505467, -60.86142701358903], [-47.887670480409724, -29.76511771325022], [18.539858516893986, 6.473428250994119], [-24.575488799343848, 30.492167250472395], [32.94437380747057, -0.8847273383568415], [-25.8725621489923, -43.93975937894235], [-36.97092277088946, 20.090051311500154], [-54.55345804987451, -11.751356823691907], [46.44558488667454, -3.9066393813342755], [19.255429518645542, -48.93258437483261], [-17.487192923897965, -51.85837883967906], [-14.27271651666631, 24.754743886947193], [8.453624219870107, -73.04880173970014], [1.1831654826727949, 15.505857559416171]], "ap_ids": [[59, 60, 61, 62, 65, 66, 67, 69, 70, 73, 74, 78, 84, 96, 97, 121, 122, 203, 204, 277, 332, 389, 489, 495, 496, 501, 502, 516, 517, 85, 68, 77, 83, 503, 63, 64, 132, 82, 87, 486, 131, 249], [67, 68, 98, 99, 495, 501, 516, 69, 70, 77, 78, 87, 97, 277, 74, 122, 502, 59, 73, 96, 117, 203, 204, 332, 389, 84, 85, 118, 496, 517, 131, 132, 60, 61, 62, 121, 63, 65, 66, 144, 145, 428, 478, 489, 503, 82, 83, 456], [59, 61, 62, 65, 66, 67, 68, 73, 74, 87, 277, 332, 389, 486, 496, 60, 69, 70, 132, 502, 96, 97, 131, 517, 495, 501, 82, 144, 145, 63, 64, 516], [59, 60, 61, 62, 67, 69, 70, 82, 87, 96, 97, 277, 332, 389, 495, 496, 516, 68, 73, 83, 489, 502, 117, 517, 63, 64, 78, 65, 118, 501, 74, 84, 98, 127, 128, 315, 121, 432, 484, 66, 77, 511, 203, 204, 386, 99, 122, 138], [59, 60, 61, 62, 63, 64, 65, 66, 67, 68, 69, 70, 73, 74, 77, 78, 85, 87, 96, 97, 98, 99, 203, 204, 277, 332, 489, 495, 496, 501, 516, 517, 389, 121, 122, 484, 502, 248, 145, 144, 132, 131, 84], [59, 60, 96, 97, 98, 121, 122, 131, 132, 203, 204, 277, 332, 389, 495, 501, 503, 516, 113, 140, 74, 141, 114, 73, 61, 63, 65, 66, 67, 68, 69, 144, 145, 6, 62, 64, 70, 478, 502, 517, 484, 496], [96, 97, 98, 99, 203, 204, 495, 501, 73, 117, 118, 516, 59, 60, 69, 70, 74, 77, 78, 277, 332, 389, 489, 502, 496, 83, 85, 145, 517, 511, 67, 84, 68, 87, 248, 82, 449, 66, 479], [59, 60, 67, 68, 69, 70, 87, 96, 277, 332, 389, 61, 62, 501, 516, 97, 496, 98, 489, 73, 74, 122, 502, 144, 145, 249, 495, 517, 121, 99, 65, 66, 77, 78, 486, 82, 83, 85], [59, 60, 67, 68, 73, 74, 121, 203, 204, 277, 486, 61, 62, 77, 78, 96, 97, 122, 332, 389, 501, 502, 516, 517, 6, 140, 141, 63, 87, 495, 496, 114, 478, 98, 64, 69, 70, 66, 503, 113, 132, 386], [59, 60, 61, 62, 69, 70, 73, 277, 332, 389, 65, 66, 68, 74, 486, 517, 67, 87, 203, 204, 502, 386, 258, 260, 274, 284, 315, 329, 369, 371, 394, 340, 313, 495, 496, 282, 372, 516, 96, 338, 396, 261, 64, 145, 97, 484, 501, 98, 77, 99, 489, 316, 109, 110, 174, 351, 122], [67, 68, 96, 97, 98, 99, 203, 204, 277, 332, 495, 501, 516, 117, 118, 248, 489, 70, 479, 77, 78, 428, 389, 69, 60, 73, 74, 85, 496, 502, 517, 436, 456, 87, 59], [67, 68, 73, 74, 77, 78, 277, 332, 389, 486, 59, 69, 70, 495, 496, 501, 516, 60, 121, 122, 131, 132, 502, 87, 517, 62, 84, 484, 61, 144, 145, 249, 96, 479, 97, 432], [59, 60, 67, 68, 73, 74, 277, 332, 389, 486, 495, 516, 61, 62, 69, 87, 496, 501, 502, 511, 517, 85, 98, 99, 70, 489, 63, 122, 96, 97, 145, 249], [59, 60, 61, 62, 65, 66, 73, 74, 77, 78, 84, 96, 97, 121, 122, 131, 132, 203, 204, 277, 332, 389, 495, 496, 501, 503, 516, 63, 64, 67, 68, 69, 70, 85, 489, 82, 83, 99, 517, 87, 484, 145, 144, 248, 502], [67, 68, 73, 74, 97, 277, 332, 389, 486, 495, 87, 516, 59, 60, 61, 62, 96, 69, 489, 501, 502], [59, 60, 63, 65, 66, 69, 70, 73, 74, 77, 84, 85, 96, 97, 121, 122, 203, 204, 332, 489, 495, 501, 516, 517, 61, 62, 64, 67, 68, 277, 389, 496, 502, 484, 78, 87, 82, 83, 486, 98, 99]], "rssi": [[-84.0, -84.68452380952381, -88.85135135135135, -88.69852941176471, -90.05405405405405, -90.05747126436782, -87.43801652892562, -85.71165644171779, -85.52739726027397, -85.3012048192771, -86.47368421052632, -86.22988505747126, -85.68571428571428, -65.21243523316062, -65.20207253886011, -85.52777777777777, -85.63194444444444, -66.96410256410256, -66.9381443298969, -85.8659793814433, -85.94915254237289, -83.3913043478261, -82.1896551724138, -69.36065573770492, -81.52631578947368, -69.52173913043478, -81.51162790697674, -69.71186440677967, -84.075, -86.75454545454545, -87.17647058823529, -86.6774193548387, -88.41304347826087, -90.90697674418605, -89.8108108108108, -90.14285714285714, -92.77777777777777, -86.65625, -89.81481481481481, -86.41666666666667, -97.0, -98.0], [-78.51552795031056, -78.35, -85.7463768115942, -85.85401459854015, -66.65413533834587, -67.40372670807453, -67.01459854014598, -85.86259541984732, -85.44094488188976, -87.98901098901099, -87.125, -90.81967213114754, -89.0, -84.125, -89.63157894736842, -90.88888888888889, -85.6029411764706, -86.76623376623377, -89.58064516129032, -88.27160493827161, -94.66666666666667, -91.83333333333333, -94.4, -84.80733944954129, -84.59782608695652, -91.42857142857143, -90.43478260869566, -87.0, -84.13636363636364, -84.43636363636364, -93.25, -91.45454545454545, -87.45679012345678, -90.30434782608695, -90.58823529411765, -92.14285714285714, -90.0, -89.35714285714286, -89.875, -86.4, -85.45454545454545, -90.57142857142857, -85.0, -89.81481481481481, -92.0, -86.96, -85.6086956521739, -92.5], [-76.0, -89.97297297297297, -90.37837837837837, -91.3529411764706, -91.70588235294117, -50.81395348837209, -50.906976744186046, -71.86046511627907, -71.74418604651163, -85.23684210526316, -66.875, -66.46511627906976, -66.09302325581395, -73.15384615384616, -81.5, -75.66666666666667, -88.28571428571429, -90.52941176470588, -84.42857142857143, -85.76470588235294, -93.08333333333333, -90.05, -84.21428571428571, -81.73333333333333, -86.57142857142857, -89.6, -97.0, -91.75, -91.25, -100.0, -92.66666666666667, -88.9], [-51.53333333333333, -51.2, -88.73584905660377, -89.22222222222223, -73.27272727272727, -72.35, -72.26666666666667, -86.71875, -80.28571428571429, -86.9, -85.75862068965517, -62.8, -63.733333333333334, -63.1, -85.9, -84.53846153846153, -84.5, -73.48148148148148, -95.0, -82.8076923076923, -93.54545454545455, -83.44186046511628, -87.625, -84.0, -84.77142857142857, -87.15384615384616, -82.125, -90.10526315789474, -86.33333333333333, -86.53846153846153, -90.6, -86.0, -88.0909090909091, -87.0, -86.77777777777777, -88.0, -90.33333333333333, -81.1, -90.0, -89.47058823529412, -69.0, -87.42857142857143, -87.0, -85.0, -89.0, -79.0, -86.0, -92.0], [-84.58823529411765, -84.23170731707317, -88.12280701754386, -87.88888888888889, -87.05882352941177, -87.45070422535211, -88.79411764705883, -89.2, -82.86666666666666, -83.14925373134328, -83.44554455445545, -83.46, -84.61764705882354, -85.09433962264151, -85.91764705882353, -85.12307692307692, -90.0, -89.875, -60.87407407407407, -60.992592592592594, -86.10112359550561, -86.125, -80.54, -80.20652173913044, -88.11538461538461, -88.6, -71.61261261261261, -55.940298507462686, -84.30555555555556, -56.1037037037037, -56.090225563909776, -84.0625, -87.84615384615384, -90.0, -93.83333333333333, -91.58823529411765, -85.97142857142858, -93.85714285714286, -90.33333333333333, -92.0, -92.0, -92.0, -97.0], [-86.584, -85.89430894308943, -79.83974358974359, -79.11688311688312, -91.0, -79.73006134969326, -79.1025641025641, -90.74545454545455, -90.85416666666667, -56.23529411764706, -56.247058823529414, -87.53846153846153, -88.46511627906976, -88.375, -77.01351351351352, -77.14765100671141, -86.12941176470588, -77.22535211267606, -90.5, -86.54838709677419, -88.91176470588235, -85.03125, -91.3125, -87.46666666666667, -95.22222222222223, -91.88888888888889, -92.25, -94.0, -91.07692307692308, -91.35714285714286, -90.875, -91.33333333333333, -90.8, -87.9, -90.93333333333334, -90.0, -93.3, -94.5, -94.33333333333333, -93.75, -97.33333333333333, -97.0], [-80.62424242424242, -80.58823529411765, -79.92993630573248, -79.95569620253164, -89.12621359223301, -88.49484536082474, -46.1764705882353, 