{
  "comparison": {
    "knn": {
      "mean_error": 7.465090751647949,
      "median_error": 3.7799925804138184,
      "p75_error": 8.784214973449707,
      "p90_error": 19.66540908813477,
      "rmse": 12.681246757507324,
      "cep_5m": 0.5736263736263736,
      "cep_10m": 0.7736263736263737,
      "max_error": 101.73612976074219,
      "std_error": 10.251166343688965
    },
    "centralized_mlp": {
      "mean_error": 8.464512825012207,
      "median_error": 7.093222141265869,
      "p75_error": 10.900912284851074,
      "p90_error": 16.440984344482423,
      "rmse": 10.564702033996582,
      "cep_5m": 0.3054945054945055,
      "cep_10m": 0.7076923076923077,
      "max_error": 48.77920913696289,
      "std_error": 6.321782112121582
    },
    "federated_mlp": {
      "mean_error": 14.378920555114746,
      "median_error": 12.087332725524902,
      "p75_error": 19.04601764678955,
      "p90_error": 27.337416458129887,
      "rmse": 17.491764068603516,
      "cep_5m": 0.12527472527472527,
      "cep_10m": 0.3802197802197802,
      "max_error": 61.53036117553711,
      "std_error": 9.960347175598145
    },
    "centralized_gnn": {
      "mean_error": 8.93591022491455,
      "median_error": 5.110211372375488,
      "p75_error": 10.673688888549805,
      "p90_error": 20.849812316894536,
      "rmse": 14.197019577026367,
      "cep_5m": 0.49230769230769234,
      "cep_10m": 0.7296703296703296,
      "max_error": 91.14157104492188,
      "std_error": 11.03199291229248
    }
  },
  "fairness": {
    "evaluation_domains": [
      "0_0",
      "0_1",
      "0_3",
      "1_0",
      "2_2"
    ],
    "num_domains": 5,
    "device": "cpu",
    "federated_protocol": {
      "rounds": 50,
      "local_epochs": 1,
      "num_clients_per_round": 5,
      "sampling_strategy": "random",
      "seed": 42
    },
    "domain_selection": {
      "all_common_domains": [
        "0_0",
        "0_1",
        "0_2",
        "0_3",
        "1_0",
        "1_1",
        "1_2",
        "1_3",
        "2_0",
        "2_1",
        "2_2",
        "2_3",
        "2_4"
      ],
      "selected_domains": [
        "0_0",
        "0_1",
        "0_3",
        "1_0",
        "2_2"
      ]
    }
  }
}