{
  "experiment_name": "fedgnn",
  "config": {
    "model": {
      "encoder": {
        "num_aps": 521,
        "latent_dim": 64,
        "ap_emb_dim": 32,
        "pooling": "attention",
        "hidden_dim": 128,
        "dropout": 0.2,
        "activation": "relu"
      },
      "gnn": {
        "type": "graphsage",
        "arch": "sage",
        "num_layers": 3,
        "hidden_dim": 128,
        "output_dim": 2
      },
      "fusion": {
        "enabled": false
      }
    },
    "fl": {
      "federated": {
        "algorithm": "fedavg",
        "rounds": 10,
        "local_epochs": 1,
        "client_fraction": 1.0,
        "min_clients": 2,
        "seed": 42,
        "num_clients_per_round": 3,
        "sampling_strategy": "random"
      }
    },
    "training": {
      "training": {
        "batch_size": 128,
        "learning_rate": 0.0005,
        "weight_decay": 1e-05,
        "epochs": 1,
        "device": "auto"
      },
      "logging": {
        "print_every": 10,
        "save_every": 5,
        "eval_every": 5
      }
    },
    "effective_device": "cpu",
    "num_clients": 13,
    "num_domains": 13
  },
  "start_time": "2026-02-23 14:33:56",
  "rounds": [
    {
      "round": 1,
      "client_losses": {
        "0_0": 0.028896674841185067,
        "0_1": 0.02128275046006525,
        "2_2": 0.03213667127714886
      },
      "avg_loss": 0.027438698859466388,
      "eval_metrics": {
        "mean_error": 37.33046340942383,
        "median_error": 38.50642395019531,
        "p75_error": 48.24761772155762,
        "p90_error": 54.47538108825684,
        "rmse": 39.88492202758789,
        "cep_5m": 0.01764705882352941,
        "cep_10m": 0.052941176470588235,
        "max_error": 65.18860626220703,
        "std_error": 14.044337272644043
      },
      "round_time_sec": 84.8480019569397
    },
    {
      "round": 2,
      "client_losses": {
        "0_0": 0.012736923291217193,
        "0_1": 0.009106013392952157,
        "2_2": 0.014994338338433529
      },
      "avg_loss": 0.01227909167420096,
      "eval_metrics": {},
      "round_time_sec": 85.16136288642883
    },
    {
      "round": 3,
      "client_losses": {
        "0_0": 0.008646584838820302,
        "0_1": 0.004896825812530596,
        "2_2": 0.00927429698241675
      },
      "avg_loss": 0.007605902544589216,
      "eval_metrics": {},
      "round_time_sec": 91.83784484863281
    },
    {
      "round": 4,
      "client_losses": {
        "0_0": 0.006601922261022352,
        "0_1": 0.0028922586585694568,
        "2_2": 0.008065025466131722
      },
      "avg_loss": 0.005853068795241177,
      "eval_metrics": {},
      "round_time_sec": 93.19268536567688
    },
    {
      "round": 5,
      "client_losses": {
        "0_0": 0.005189162483589991,
        "0_1": 0.0024153360772103125,
        "2_2": 0.007134444692808735
      },
      "avg_loss": 0.004912981084536346,
      "eval_metrics": {
        "mean_error": 11.499988555908203,
        "median_error": 6.92495059967041,
        "p75_error": 14.023338556289673,
        "p90_error": 27.72826080322267,
        "rmse": 17.507387161254883,
        "cep_5m": 0.34705882352941175,
        "cep_10m": 0.6411764705882353,
        "max_error": 112.89213562011719,
        "std_error": 13.200714111328125
      },
      "round_time_sec": 85.5361979007721
    },
    {
      "round": 6,
      "client_losses": {
        "0_0": 0.004792919767237457,
        "0_1": 0.002046894666162168,
        "2_2": 0.006664499472395818
      },
      "avg_loss": 0.0045014379685984806,
      "eval_metrics": {},
      "round_time_sec": 89.91597437858582
    },
    {
      "round": 7,
      "client_losses": {
        "0_0": 0.0031847229863563634,
        "0_1": 0.0021151709000649505,
        "2_2": 0.004999484757751636
      },
      "avg_loss": 0.0034331262147243163,
      "eval_metrics": {},
      "round_time_sec": 92.9210433959961
    },
    {
      "round": 8,
      "client_losses": {
        "0_0": 0.0031707143059853176,
        "0_1": 0.0019764938147458235,
        "2_2": 0.003402965402048777
      },
      "avg_loss": 0.002850057840926639,
      "eval_metrics": {},
      "round_time_sec": 106.33967995643616
    },
    {
      "round": 9,
      "client_losses": {
        "0_0": 0.0028246457872187947,
        "0_1": 0.0012734388749475122,
        "2_2": 0.003573563952433147
      },
      "avg_loss": 0.0025572162048664846,
      "eval_metrics": {},
      "round_time_sec": 102.74221849441528
    },
    {
      "round": 10,
      "client_losses": {
        "0_0": 0.003173889743502445,
        "0_1": 0.0020783339151186804,
        "2_2": 0.0030012532744943463
      },
      "avg_loss": 0.002751158977705157,
      "eval_metrics": {
        "mean_error": 8.528526306152344,
        "median_error": 4.9840087890625,
        "p75_error": 9.53359341621399,
        "p90_error": 19.420166778564457,
        "rmse": 14.174356460571289,
        "cep_5m": 0.5058823529411764,
        "cep_10m": 0.7617647058823529,
        "max_error": 114.4970932006836,
        "std_error": 11.321512222290039
      },
      "round_time_sec": 94.14095139503479
    }
  ],
  "end_time": "2026-02-23 14:49:26",
  "total_rounds": 10
}