{
  "experiment_name": "fedgnn",
  "config": {
    "model": {
      "encoder": {
        "num_aps": 521,
        "latent_dim": 64,
        "ap_emb_dim": 32,
        "pooling": "attention",
        "hidden_dim": 128,
        "dropout": 0.2,
        "activation": "relu"
      },
      "gnn": {
        "type": "graphsage",
        "arch": "sage",
        "num_layers": 3,
        "hidden_dim": 128,
        "output_dim": 2
      },
      "fusion": {
        "enabled": false
      }
    },
    "fl": {
      "federated": {
        "algorithm": "fedavg",
        "rounds": 50,
        "local_epochs": 1,
        "client_fraction": 1.0,
        "min_clients": 2,
        "seed": 42,
        "num_clients_per_round": 5,
        "sampling_strategy": "random"
      },
      "parallel": {
        "enabled": true,
        "backend": "process",
        "max_workers": null
      }
    },
    "training": {
      "training": {
        "batch_size": 128,
        "learning_rate": 0.0005,
        "weight_decay": 1e-05,
        "epochs": 1,
        "device": "auto"
      },
      "logging": {
        "print_every": 10,
        "save_every": 5,
        "eval_every": 5
      }
    },
    "effective_device": "cpu",
    "num_clients": 13,
    "num_domains": 13
  },
  "start_time": "2026-02-24 20:18:41",
  "rounds": [
    {
      "round": 1,
      "client_losses": {
        "0_0": 0.027982197387875087,
        "0_1": 0.026342025323547565,
        "0_3": 0.01952732950012903,
        "1_0": 0.016435091677505707,
        "2_2": 0.036874735857476686
      },
      "avg_loss": 0.025432275949306814,
      "eval_metrics": {
        "mean_error": 38.200374603271484,
        "median_error": 39.928314208984375,
        "p75_error": 49.02068328857422,
        "p90_error": 55.74034805297852,
        "rmse": 40.80092239379883,
        "cep_5m": 0.01098901098901099,
        "cep_10m": 0.04835164835164835,
        "max_error": 82.65345764160156,
        "std_error": 14.333409309387207
      },
      "round_time_sec": 85.19343280792236
    },
    {
      "round": 2,
      "client_losses": {
        "0_0": 0.014474482640252542,
        "0_1": 0.011623987052956109,
        "0_3": 0.011468603294476432,
        "1_0": 0.00929475243549737,
        "2_2": 0.024923382775542423
      },
      "avg_loss": 0.014357041639744975,
      "eval_metrics": {},
      "round_time_sec": 94.34423065185547
    },
    {
      "round": 3,
      "client_losses": {
        "0_0": 0.007520104089351641,
        "0_1": 0.0063870050049361455,
        "0_3": 0.005480667240030453,
        "1_0": 0.005045038565827909,
        "2_2": 0.008633792191417406
      },
      "avg_loss": 0.006613321418312711,
      "eval_metrics": {},
      "round_time_sec": 99.48628306388855
    },
    {
      "round": 4,
      "client_losses": {
        "0_0": 0.0048316264136538745,
        "0_1": 0.0029846022965441124,
        "0_3": 0.0028700406134887593,
        "1_0": 0.003536098040669261,
        "2_2": 0.00557740090624466
      },
      "avg_loss": 0.0039599536541201335,
      "eval_metrics": {},
      "round_time_sec": 84.93305563926697
    },
    {
      "round": 5,
      "client_losses": {
        "0_0": 0.003659921586057594,
        "0_1": 0.002072466015568669,
        "0_3": 0.002401730787484421,
        "1_0": 0.002854269818063392,
        "2_2": 0.0049231648433705885
      },
      "avg_loss": 0.003182310610108933,
      "eval_metrics": {
        "mean_error": 9.855816841125488,
        "median_error": 7.492678642272949,
        "p75_error": 13.71059799194336,
        "p90_error": 20.32456512451172,
        "rmse": 12.677906036376953,
        "cep_5m": 0.3274725274725275,
        "cep_10m": 0.6131868131868132,
        "max_error": 40.92939758300781,
        "std_error": 7.974470138549805
      },
      "round_time_sec": 87.51271986961365
    },
    {
      "round": 6,
      "client_losses": {
        "0_0": 0.0029977448523290998,
        "0_1": 0.0018827992550144175,
        "0_3": 0.001983466056804756,
        "1_0": 0.0028075247010018313,
        "2_2": 0.004339334518414581
      },
      "avg_loss": 0.0028021738767129373,
      "eval_metrics": {},
      "round_time_sec": 86.61758947372437
    },
    {
      "round": 7,
      "client_losses": {
        "0_0": 0.002621863606129275,
        "0_1": 0.0019975509294678094,
        "0_3": 0.0016612935085885173,
        "1_0": 0.0025244797165434488,
        "2_2": 0.004218201526448803
      },
      "avg_loss": 0.002604677857435571,
      "eval_metrics": {},
      "round_time_sec": 84.45278286933899
    }
  ],
  "last_update": "2026-02-24 20:29:41",
  "total_rounds": 7
}