{
  "experiment_name": "fedgnn",
  "config": {
    "model": {
      "encoder": {
        "num_aps": 521,
        "latent_dim": 64,
        "ap_emb_dim": 32,
        "pooling": "attention",
        "hidden_dim": 128,
        "dropout": 0.2,
        "activation": "relu"
      },
      "gnn": {
        "type": "graphsage",
        "arch": "sage",
        "num_layers": 3,
        "hidden_dim": 128,
        "output_dim": 2
      },
      "fusion": {
        "enabled": false
      }
    },
    "fl": {
      "federated": {
        "algorithm": "fedavg",
        "rounds": 10,
        "local_epochs": 1,
        "client_fraction": 1.0,
        "min_clients": 2,
        "seed": 42,
        "num_clients_per_round": 3,
        "sampling_strategy": "random"
      }
    },
    "training": {
      "training": {
        "batch_size": 128,
        "learning_rate": 0.0005,
        "weight_decay": 1e-05,
        "epochs": 1,
        "device": "auto"
      },
      "logging": {
        "print_every": 10,
        "save_every": 5,
        "eval_every": 5
      }
    },
    "effective_device": "cpu",
    "num_clients": 13,
    "num_domains": 13
  },
  "start_time": "2026-02-23 16:32:10",
  "rounds": [
    {
      "round": 1,
      "client_losses": {
        "0_0": 0.02711168840375386,
        "0_1": 0.03088515536780343,
        "2_2": 0.03279147595557689
      },
      "avg_loss": 0.03026277324237806,
      "eval_metrics": {
        "mean_error": 38.44217300415039,
        "median_error": 40.01749801635742,
        "p75_error": 49.74896240234375,
        "p90_error": 55.301617813110354,
        "rmse": 40.931644439697266,
        "cep_5m": 0.014705882352941176,
        "cep_10m": 0.05,
        "max_error": 64.36080169677734,
        "std_error": 14.056983947753906
      },
      "round_time_sec": 187.33794236183167
    },
    {
      "round": 2,
      "client_losses": {
        "0_0": 0.013349801027058395,
        "0_1": 0.010967899360495015,
        "2_2": 0.020097225070773748
      },
      "avg_loss": 0.01480497515277572,
      "eval_metrics": {},
      "round_time_sec": 183.6708698272705
    },
    {
      "round": 3,
      "client_losses": {
        "0_0": 0.009388745430721596,
        "0_1": 0.005755575357316158,
        "2_2": 0.01154719896521004
      },
      "avg_loss": 0.008897173251082599,
      "eval_metrics": {},
      "round_time_sec": 203.19154524803162
    },
    {
      "round": 4,
      "client_losses": {
        "0_0": 0.006683610002168123,
        "0_1": 0.0041295457239275855,
        "2_2": 0.00651314952285406
      },
      "avg_loss": 0.005775435082983257,
      "eval_metrics": {},
      "round_time_sec": 160.49738788604736
    },
    {
      "round": 5,
      "client_losses": {
        "0_0": 0.004320232736530831,
        "0_1": 0.003087508764662682,
        "2_2": 0.004905878961791802
      },
      "avg_loss": 0.004104540154328438,
      "eval_metrics": {
        "mean_error": 9.066381454467773,
        "median_error": 6.187517166137695,
        "p75_error": 11.60517930984497,
        "p90_error": 18.245101165771484,
        "rmse": 12.92897891998291,
        "cep_5m": 0.38235294117647056,
        "cep_10m": 0.7058823529411765,
        "max_error": 64.76467895507812,
        "std_error": 9.21733283996582
      },
      "round_time_sec": 189.75407099723816
    },
    {
      "round": 6,
      "client_losses": {
        "0_0": 0.00316644038973973,
        "0_1": 0.0019706327623426876,
        "2_2": 0.0037153346112721473
      },
      "avg_loss": 0.002950802587784855,
      "eval_metrics": {},
      "round_time_sec": 229.31341767311096
    },
    {
      "round": 7,
      "client_losses": {
        "0_0": 0.0028351811324871905,
        "0_1": 0.0019261152691504829,
        "2_2": 0.003213172690383477
      },
      "avg_loss": 0.0026581563640070503,
      "eval_metrics": {},
      "round_time_sec": 235.73846817016602
    }
  ],
  "last_update": "2026-02-23 16:55:25",
  "total_rounds": 7
}