{
  "experiment_name": "fedgnn",
  "config": {
    "model": {
      "encoder": {
        "num_aps": 521,
        "latent_dim": 64,
        "ap_emb_dim": 32,
        "pooling": "attention",
        "hidden_dim": 128,
        "dropout": 0.2,
        "activation": "relu"
      },
      "gnn": {
        "type": "graphsage",
        "arch": "sage",
        "num_layers": 3,
        "hidden_dim": 128,
        "output_dim": 2
      },
      "fusion": {
        "enabled": false
      }
    },
    "fl": {
      "federated": {
        "algorithm": "fedavg",
        "rounds": 10,
        "local_epochs": 1,
        "client_fraction": 1.0,
        "min_clients": 2,
        "seed": 42,
        "num_clients_per_round": 3,
        "sampling_strategy": "random"
      }
    },
    "training": {
      "training": {
        "batch_size": 128,
        "learning_rate": 0.0005,
        "weight_decay": 1e-05,
        "epochs": 1,
        "device": "cpu"
      },
      "logging": {
        "print_every": 10,
        "save_every": 5,
        "eval_every": 5
      }
    },
    "num_clients": 13,
    "num_domains": 13
  },
  "start_time": "2026-02-21 18:56:45",
  "rounds": [
    {
      "round": 1,
      "client_losses": {
        "2_2": 0.07868615883295849,
        "0_1": 0.0882098608459504,
        "0_0": 0.0788258181183752
      },
      "avg_loss": 0.08190727926576136,
      "eval_metrics": {
        "mean_error": 43.2044563293457,
        "median_error": 42.88117980957031,
        "p75_error": 54.30898094177246,
        "p90_error": 64.91311645507812,
        "rmse": 46.308326721191406,
        "cep_5m": 0.0063006300630063005,
        "cep_10m": 0.0297029702970297,
        "max_error": 86.38343048095703,
        "std_error": 16.668415069580078
      },
      "round_time_sec": 55.000048875808716
    },
    {
      "round": 2,
      "client_losses": {
        "2_2": 0.053703274831457204,
        "0_1": 0.07811249543040806,
        "0_0": 0.077435620272702
      },
      "avg_loss": 0.06975046351152242,
      "eval_metrics": {},
      "round_time_sec": 55.32763600349426
    },
    {
      "round": 3,
      "client_losses": {
        "2_2": 0.023011692878492,
        "0_1": 0.017241554542360326,
        "0_0": 0.02319435271374889
      },
      "avg_loss": 0.021149200044867075,
      "eval_metrics": {},
      "round_time_sec": 82.13052296638489
    },
    {
      "round": 4,
      "client_losses": {
        "2_2": 0.032851186378669586,
        "0_1": 0.010516236009763326,
        "0_0": 0.01247639299712162
      },
      "avg_loss": 0.018614605128518178,
      "eval_metrics": {},
      "round_time_sec": 86.74370217323303
    },
    {
      "round": 5,
      "client_losses": {
        "2_2": 0.02965966959900082,
        "0_1": 0.009158579028807002,
        "0_0": 0.009953468795457936
      },
      "avg_loss": 0.016257239141088585,
      "eval_metrics": {
        "mean_error": 30.146608352661133,
        "median_error": 22.592805862426758,
        "p75_error": 44.17938232421875,
        "p90_error": 62.21013259887695,
        "rmse": 39.910587310791016,
        "cep_5m": 0.09810981098109811,
        "cep_10m": 0.24932493249324933,
        "max_error": 130.4491424560547,
        "std_error": 26.154098510742188
      },
      "round_time_sec": 76.20350885391235
    },
    {
      "round": 6,
      "client_losses": {
        "2_2": 0.026721085823033112,
        "0_1": 0.00897359502810321,
        "0_0": 0.01177611049513298
      },
      "avg_loss": 0.0158235971154231,
      "eval_metrics": {},
      "round_time_sec": 169.99795508384705
    },
    {
      "round": 7,
      "client_losses": {
        "2_2": 0.02478154113775855,
        "0_1": 0.00746876500220479,
        "0_0": 0.008586057558772044
      },
      "avg_loss": 0.013612121232911794,
      "eval_metrics": {},
      "round_time_sec": 171.42161774635315
    },
    {
      "round": 8,
      "client_losses": {
        "2_2": 0.02297632221543816,
        "0_1": 0.00719348776488558,
        "0_0": 0.007651815869739914
      },
      "avg_loss": 0.012607208616687885,
      "eval_metrics": {},
      "round_time_sec": 93.91266679763794
    },
    {
      "round": 9,
      "client_losses": {
        "2_2": 0.02252191408268973,
        "0_1": 0.006292541192254645,
        "0_0": 0.007339226857367463
      },
      "avg_loss": 0.01205122737743728,
      "eval_metrics": {},
      "round_time_sec": 91.84753274917603
    },
    {
      "round": 10,
      "client_losses": {
        "2_2": 0.02255831622999293,
        "0_1": 0.005991378389215317,
        "0_0": 0.006941936999970625
      },
      "avg_loss": 0.011830543873059624,
      "eval_metrics": {
        "mean_error": 30.63568115234375,
        "median_error": 23.532978057861328,
        "p75_error": 44.18283653259277,
        "p90_error": 66.80147552490234,
        "rmse": 40.21339416503906,
        "cep_5m": 0.09810981098109811,
        "cep_10m": 0.24752475247524752,
        "max_error": 129.8323974609375,
        "std_error": 26.04941749572754
      },
      "round_time_sec": 84.44805312156677
    }
  ],
  "end_time": "2026-02-21 19:12:57",
  "total_rounds": 10
}