{
  "experiment_name": "fedgnn",
  "config": {
    "model": {
      "encoder": {
        "num_aps": 521,
        "latent_dim": 64,
        "ap_emb_dim": 32,
        "pooling": "attention",
        "hidden_dim": 128,
        "dropout": 0.2,
        "activation": "relu"
      },
      "gnn": {
        "type": "graphsage",
        "arch": "sage",
        "num_layers": 3,
        "hidden_dim": 128,
        "output_dim": 2
      },
      "fusion": {
        "enabled": false
      }
    },
    "fl": {
      "federated": {
        "algorithm": "fedavg",
        "rounds": 50,
        "local_epochs": 1,
        "client_fraction": 1.0,
        "min_clients": 2,
        "seed": 42,
        "num_clients_per_round": 3,
        "sampling_strategy": "random"
      },
      "parallel": {
        "enabled": true,
        "backend": "process",
        "max_workers": null
      }
    },
    "training": {
      "training": {
        "batch_size": 128,
        "learning_rate": 0.0005,
        "weight_decay": 1e-05,
        "epochs": 1,
        "device": "auto"
      },
      "logging": {
        "print_every": 10,
        "save_every": 5,
        "eval_every": 5
      }
    },
    "effective_device": "cpu",
    "num_clients": 13,
    "num_domains": 13
  },
  "start_time": "2026-02-24 13:15:38",
  "rounds": [
    {
      "round": 1,
      "client_losses": {
        "0_0": 0.02256817950726934,
        "0_1": 0.01944047085065078,
        "2_2": 0.03219330611712043
      },
      "avg_loss": 0.024733985491680183,
      "eval_metrics": {
        "mean_error": 23.892648696899414,
        "median_error": 14.704169273376465,
        "p75_error": 28.218936920166016,
        "p90_error": 49.25896110534668,
        "rmse": 39.90953063964844,
        "cep_5m": 0.18823529411764706,
        "cep_10m": 0.3323529411764706,
        "max_error": 218.3817138671875,
        "std_error": 31.96735954284668
      },
      "round_time_sec": 41.64240002632141
    },
    {
      "round": 2,
      "client_losses": {
        "0_0": 0.011550593976010623,
        "0_1": 0.007791620605359927,
        "2_2": 0.01601148504049009
      },
      "avg_loss": 0.011784566540620212,
      "eval_metrics": {},
      "round_time_sec": 43.173943519592285
    },
    {
      "round": 3,
      "client_losses": {
        "0_0": 0.0065542035651984165,
        "0_1": 0.005144412225781426,
        "2_2": 0.008955021417516286
      },
      "avg_loss": 0.006884545736165377,
      "eval_metrics": {},
      "round_time_sec": 37.52120614051819
    },
    {
      "round": 4,
      "client_losses": {
        "0_0": 0.0044505800043338935,
        "0_1": 0.0029126813325901593,
        "2_2": 0.006552025340493391
      },
      "avg_loss": 0.004638428892472481,
      "eval_metrics": {},
      "round_time_sec": 40.96400308609009
    },
    {
      "round": 5,
      "client_losses": {
        "0_0": 0.0039035201225290266,
        "0_1": 0.002290414184175792,
        "2_2": 0.0057076561524478115
      },
      "avg_loss": 0.003967196819717543,
      "eval_metrics": {
        "mean_error": 12.997594833374023,
        "median_error": 4.717354774475098,
        "p75_error": 10.462580442428589,
        "p90_error": 47.65113143920901,
        "rmse": 26.1881160736084,
        "cep_5m": 0.5147058823529411,
        "cep_10m": 0.7294117647058823,
        "max_error": 108.61285400390625,
        "std_error": 22.73499298095703
      },
      "round_time_sec": 35.082696199417114
    },
    {
      "round": 6,
      "client_losses": {
        "0_0": 0.0032510092344571325,
        "0_1": 0.0018886058193037408,
        "2_2": 0.004628220803036499
      },
      "avg_loss": 0.003255945285599124,
      "eval_metrics": {},
      "round_time_sec": 35.96991777420044
    }
  ],
  "last_update": "2026-02-24 13:20:10",
  "total_rounds": 6
}