{
  "experiment_name": "fedgnn",
  "config": {
    "model": {
      "encoder": {
        "num_aps": 521,
        "latent_dim": 64,
        "ap_emb_dim": 32,
        "pooling": "attention",
        "hidden_dim": 128,
        "dropout": 0.2,
        "activation": "relu"
      },
      "gnn": {
        "type": "graphsage",
        "arch": "sage",
        "num_layers": 3,
        "hidden_dim": 128,
        "output_dim": 2
      },
      "fusion": {
        "enabled": false
      }
    },
    "fl": {
      "federated": {
        "algorithm": "fedavg",
        "rounds": 50,
        "local_epochs": 1,
        "client_fraction": 1.0,
        "min_clients": 2,
        "seed": 42,
        "num_clients_per_round": 3,
        "sampling_strategy": "random"
      }
    },
    "training": {
      "training": {
        "batch_size": 128,
        "learning_rate": 0.0005,
        "weight_decay": 1e-05,
        "epochs": 1,
        "device": "auto"
      },
      "logging": {
        "print_every": 10,
        "save_every": 5,
        "eval_every": 5
      }
    },
    "effective_device": "cpu",
    "num_clients": 13,
    "num_domains": 13
  },
  "start_time": "2026-02-24 02:31:12",
  "rounds": [
    {
      "round": 1,
      "client_losses": {
        "0_0": 0.024070021908145393,
        "0_1": 0.018177331364761184,
        "2_2": 0.031348848019124236
      },
      "avg_loss": 0.024532067097343607,
      "eval_metrics": {
        "mean_error": 27.68854331970215,
        "median_error": 28.797500610351562,
        "p75_error": 38.88360595703125,
        "p90_error": 45.07147636413574,
        "rmse": 30.746356964111328,
        "cep_5m": 0.03823529411764706,
        "cep_10m": 0.10882352941176471,
        "max_error": 54.649906158447266,
        "std_error": 13.367238998413086
      },
      "round_time_sec": 179.26254892349243
    },
    {
      "round": 2,
      "client_losses": {
        "0_0": 0.008956467840488595,
        "0_1": 0.0081972945450405,
        "2_2": 0.014051330949908115
      },
      "avg_loss": 0.010401697778479069,
      "eval_metrics": {},
      "round_time_sec": 193.42637300491333
    },
    {
      "round": 3,
      "client_losses": {
        "0_0": 0.004952389279878736,
        "0_1": 0.0030816717157185003,
        "2_2": 0.007899570477628471
      },
      "avg_loss": 0.005311210491075235,
      "eval_metrics": {},
      "round_time_sec": 199.86071801185608
    },
    {
      "round": 4,
      "client_losses": {
        "0_0": 0.003516460944609728,
        "0_1": 0.002196270009224753,
        "2_2": 0.005123090609359987
      },
      "avg_loss": 0.003611940521064823,
      "eval_metrics": {},
      "round_time_sec": 201.7547469139099
    },
    {
      "round": 5,
      "client_losses": {
        "0_0": 0.002697404138442141,
        "0_1": 0.001529392961366374,
        "2_2": 0.004010959232060588
      },
      "avg_loss": 0.0027459187772897013,
      "eval_metrics": {
        "mean_error": 8.157605171203613,
        "median_error": 5.89996337890625,
        "p75_error": 10.20886516571045,
        "p90_error": 17.197795867919922,
        "rmse": 11.292623519897461,
        "cep_5m": 0.43529411764705883,
        "cep_10m": 0.7441176470588236,
        "max_error": 52.09781265258789,
        "std_error": 7.808766841888428
      },
      "round_time_sec": 202.9564061164856
    },
    {
      "round": 6,
      "client_losses": {
        "0_0": 0.001989290467479337,
        "0_1": 0.0016152044049494673,
        "2_2": 0.0030692979347930346
      },
      "avg_loss": 0.00222459760240728,
      "eval_metrics": {},
      "round_time_sec": 214.56825065612793
    },
    {
      "round": 7,
      "client_losses": {
        "0_0": 0.0023177660223033395,
        "0_1": 0.0013093456960353762,
        "2_2": 0.0028888673653222115
      },
      "avg_loss": 0.002171993027886976,
      "eval_metrics": {},
      "round_time_sec": 228.10568571090698
    },
    {
      "round": 8,
      "client_losses": {
        "0_0": 0.0020324415423925834,
        "0_1": 0.0011211184270143737,
        "2_2": 0.0025330517694431925
      },
      "avg_loss": 0.0018955372462833829,
      "eval_metrics": {},
      "round_time_sec": 231.15315866470337
    },
    {
      "round": 9,
      "client_losses": {
        "0_0": 0.0020860171415558403,
        "0_1": 0.0010846516261128587,
        "2_2": 0.0023264237749030746
      },
      "avg_loss": 0.0018323641808572582,
      "eval_metrics": {},
      "round_time_sec": 229.63542532920837
    },
    {
      "round": 10,
      "client_losses": {
        "0_0": 0.0017750379631539263,
        "0_1": 0.0016342832768102258,
        "2_2": 0.0022979112795150406
      },
      "avg_loss": 0.0019024108398263977,
      "eval_metrics": {
        "mean_error": 6.9550862312316895,
        "median_error": 4.955535411834717,
        "p75_error": 8.866456270217896,
        "p90_error": 13.89764518737793,
        "rmse": 9.91530990600586,
        "cep_5m": 0.5029411764705882,
        "cep_10m": 0.788235294117647,
        "max_error": 48.96550750732422,
        "std_error": 7.066833972930908
      },
      "round_time_sec": 232.82091116905212
    },
    {
      "round": 11,
      "client_losses": {
        "0_0": 0.0019394173374899122,
        "0_1": 0.001055807672769155,
        "2_2": 0.0020565899804280644
      },
      "avg_loss": 0.0016839383302290438,
      "eval_metrics": {},
      "round_time_sec": 21869.02771472931
    },
    {
      "round": 12,
      "client_losses": {
        "0_0": 0.0018229870495356658,
        "0_1": 0.001140256159121047,
        "2_2": 0.00182439292505995
      },
      "avg_loss": 0.0015958787112388875,
      "eval_metrics": {},
      "round_time_sec": 104.54359364509583
    },
    {
      "round": 13,
      "client_losses": {
        "0_0": 0.0016977504530634648,
        "0_1": 0.0008726586568774903,
        "2_2": 0.001979781955210728
      },
      "avg_loss": 0.001516730355050561,
      "eval_metrics": {},
      "round_time_sec": 179.86501002311707
    }
  ],
  "last_update": "2026-02-24 09:15:46",
  "total_rounds": 13
}